im1_1,im1_2,im1_3,im1_4,im1_5,im2_1,im2_2,im2_3,im2_4,im2_5,im3_1,im3_2,im3_3,im3_4,im3_5,im4_1,im4_2,im4_3,im4_4,im4_5,im5_1,im5_2,im5_3,im5_4,im5_5,im6_1,im6_2,im6_3,im6_4,im6_5,q1_a,q1_b,q2_a,q2_b,q3_a,q3_b,q4_a,q4_b,q5_a,q5_b,q6_a,q6_b,album1,album2,album3,album4,album5,album6,cor1,cor2,cor3,cor4,cor5,cor6
http://nlp.cs.ucsb.edu/tmp/test/6999554500.jpg,http://nlp.cs.ucsb.edu/tmp/test/7145639791.jpg,http://nlp.cs.ucsb.edu/tmp/test/7145640279.jpg,http://nlp.cs.ucsb.edu/tmp/test/6999554354.jpg,http://nlp.cs.ucsb.edu/tmp/test/6999553640.jpg,http://nlp.cs.ucsb.edu/tmp/test/347377939.jpg,http://nlp.cs.ucsb.edu/tmp/test/347372883.jpg,http://nlp.cs.ucsb.edu/tmp/test/347377942.jpg,http://nlp.cs.ucsb.edu/tmp/test/347377943.jpg,http://nlp.cs.ucsb.edu/tmp/test/347377946.jpg,http://nlp.cs.ucsb.edu/tmp/test/5705008408.jpg,http://nlp.cs.ucsb.edu/tmp/test/5705009668.jpg,http://nlp.cs.ucsb.edu/tmp/test/5705011236.jpg,http://nlp.cs.ucsb.edu/tmp/test/5704448107.jpg,http://nlp.cs.ucsb.edu/tmp/test/5713707815.jpg,http://nlp.cs.ucsb.edu/tmp/test/142408540.jpg,http://nlp.cs.ucsb.edu/tmp/test/142409086.jpg,http://nlp.cs.ucsb.edu/tmp/test/142408647.jpg,http://nlp.cs.ucsb.edu/tmp/test/142409602.jpg,http://nlp.cs.ucsb.edu/tmp/test/142409200.jpg,http://nlp.cs.ucsb.edu/tmp/test/10125871905.jpg,http://nlp.cs.ucsb.edu/tmp/test/10125853125.jpg,http://nlp.cs.ucsb.edu/tmp/test/10125983463.jpg,http://nlp.cs.ucsb.edu/tmp/test/10125979553.jpg,http://nlp.cs.ucsb.edu/tmp/test/10125833745.jpg,http://nlp.cs.ucsb.edu/tmp/test/36200502.jpg,http://nlp.cs.ucsb.edu/tmp/test/36207725.jpg,http://nlp.cs.ucsb.edu/tmp/test/36205416.jpg,http://nlp.cs.ucsb.edu/tmp/test/36207240.jpg,http://nlp.cs.ucsb.edu/tmp/test/36202545.jpg,"  today was the day of the graduation ceremony . there were a lot of people there . the students were very excited to graduate . the dean gave a speech to the graduates . after the ceremony , the family and friends gathered for a picture .",the park was so crowded in the morning . the venue was filled with antsy people . the graduates word glossy black gowns . this faculty member gave a excited speech . we gathered together to share roses and balloons .,  we had a lot of food at the party . the meat was delicious . we had a lot of food . the food was delicious . i 'm not sure what this is . i 'm not sure what it is .,"today there was a food taste testing ! a featured dish was a salad made of several different kinds of greens . to compliment the salad , a chicken dish was also featured . another vegetable dish to add variation to the testing was available . for dessert : a fruit platter !",  i went to the museum today . they had a lot of information on the wall . there was a lot of information on the wall . there was a lot of information on the wall . some of the students had a great time .,there were a lot of cool things at the museum . the had so many different pieces of paper . some of them were diplomas . i saw some rare shirts . it was a lot of fun .,  i went to the game last weekend . we had a great time there . the players were very excited . the crowd was very excited . it was a great game .,today was the big day . we got dressed up . then went out on the town . there were n't short on drinks . but they were short on skirts !,  i went to the church yesterday . they had a lot of interesting things to see . it was a lot of fun . the inside of the church was amazing . this is a picture of a church .,today we went to the museum . there were statues of old kings . and statues of old soldiers . the building was beautiful . we will come back again soon .,it was a great day to be outdoors . a nice quiet stream . the road led them so many places . a fantastic bridge . such a quaint area .,  this is a picture of a tree . the scenery was beautiful . the view from the top of the bridge was beautiful . this is a picture of a bridge . the buildings were very old .,72157629972234013,72157594462307386,72157626713239724,72057594128484139,72157636264697316,800359,1,1,1,1,1,0
http://nlp.cs.ucsb.edu/tmp/test/6739429279.jpg,http://nlp.cs.ucsb.edu/tmp/test/6739443471.jpg,http://nlp.cs.ucsb.edu/tmp/test/6739431151.jpg,http://nlp.cs.ucsb.edu/tmp/test/6739438181.jpg,http://nlp.cs.ucsb.edu/tmp/test/6739440413.jpg,http://nlp.cs.ucsb.edu/tmp/test/4352295447.jpg,http://nlp.cs.ucsb.edu/tmp/test/4352298821.jpg,http://nlp.cs.ucsb.edu/tmp/test/4353046216.jpg,http://nlp.cs.ucsb.edu/tmp/test/4353047436.jpg,http://nlp.cs.ucsb.edu/tmp/test/4352293863.jpg,http://nlp.cs.ucsb.edu/tmp/test/4283249791.jpg,http://nlp.cs.ucsb.edu/tmp/test/4283993292.jpg,http://nlp.cs.ucsb.edu/tmp/test/4283995394.jpg,http://nlp.cs.ucsb.edu/tmp/test/4283996784.jpg,http://nlp.cs.ucsb.edu/tmp/test/4283255261.jpg,http://nlp.cs.ucsb.edu/tmp/test/451560498.jpg,http://nlp.cs.ucsb.edu/tmp/test/451537633.jpg,http://nlp.cs.ucsb.edu/tmp/test/451522124.jpg,http://nlp.cs.ucsb.edu/tmp/test/451502114.jpg,http://nlp.cs.ucsb.edu/tmp/test/451513506.jpg,http://nlp.cs.ucsb.edu/tmp/test/1428261043.jpg,http://nlp.cs.ucsb.edu/tmp/test/1702842977.jpg,http://nlp.cs.ucsb.edu/tmp/test/1703715428.jpg,http://nlp.cs.ucsb.edu/tmp/test/1703734026.jpg,http://nlp.cs.ucsb.edu/tmp/test/1702899529.jpg,http://nlp.cs.ucsb.edu/tmp/test/2251124588.jpg,http://nlp.cs.ucsb.edu/tmp/test/2250328985.jpg,http://nlp.cs.ucsb.edu/tmp/test/2250331641.jpg,http://nlp.cs.ucsb.edu/tmp/test/2250335015.jpg,http://nlp.cs.ucsb.edu/tmp/test/2250336943.jpg,"the side walk looked so plain . we decided to plant some trees . after digging all day , we were finally ready . check out our tree . a beautiful tree to represent our beautiful friendship .",  it was a nice day for a bike ride . it was a nice day for a walk . there were a lot of people there . this is a picture of a man . then we went to the bottom of the mountain .,"  today was the day . after the meeting , we had a lot of questions from the audience . the man is giving a speech . they were all happy to see each other . it was a great day .",there was a conference meeting at work today . i took a lot of notes . i had to give a speech the whole time . afterward we had some time to chat together . we also took a group photo with everyone .,"  we had a great time at the restaurant . we had a lot of food to eat . the food was delicious . the main course was very tasty . after the meal , we all went out to eat .",today we had a cooking party . many of us got together to create new dishes and enjoy each other 's company . we made beautiful dishes ... each more delicious than the last . we had a great time at today 's cooking party .,it is dinnertime at my house . we have some chicken . there 's some wine . there 's even a great dessert . fresh strawberries and cake taste so good . dinner at my house is delicious !,  we had a lot of food at the party . the food was delicious . then he poured some wine . i think i 'll be able to make sure it was delicious . we had a great meal .,it was a great day to take a hike . they never knew where they were going next . old machinery was still in its place . what a simpler time they lived in . there was so much to see all around . ,  this is a picture of a waterfall . there were a lot of interesting things to see . this is a picture of a waterfall . this is a picture of a tree . this is a picture of a lake .,  i went to the city today . the statue of the building was very impressive . the architecture was amazing . there was a lot of people there . this is a picture of a sign .,"it was a sunny day downtown near the clock tower . there was no one in sight , unless you count the statues . for some reason it was a quiet day around town . oh wait , that 's because it was so nice that everyone decided to go to the beach . they had a great afternoon walking up those stairs that led to the pier and then out onto the sand or into the water .",72157628974721157,72157623424455540,72157623107791583,72157600057236853,72157602649605030,72157603870972242,0,1,1,0,0,1
http://nlp.cs.ucsb.edu/tmp/test/16319689465.jpg,http://nlp.cs.ucsb.edu/tmp/test/16319100992.jpg,http://nlp.cs.ucsb.edu/tmp/test/16318116881.jpg,http://nlp.cs.ucsb.edu/tmp/test/16319936785.jpg,http://nlp.cs.ucsb.edu/tmp/test/16134084747.jpg,http://nlp.cs.ucsb.edu/tmp/test/6392828155.jpg,http://nlp.cs.ucsb.edu/tmp/test/6392866607.jpg,http://nlp.cs.ucsb.edu/tmp/test/6392871319.jpg,http://nlp.cs.ucsb.edu/tmp/test/6392879089.jpg,http://nlp.cs.ucsb.edu/tmp/test/6392888245.jpg,http://nlp.cs.ucsb.edu/tmp/test/4416927966.jpg,http://nlp.cs.ucsb.edu/tmp/test/4415774417.jpg,http://nlp.cs.ucsb.edu/tmp/test/4416546004.jpg,http://nlp.cs.ucsb.edu/tmp/test/4416958160.jpg,http://nlp.cs.ucsb.edu/tmp/test/4416252043.jpg,http://nlp.cs.ucsb.edu/tmp/test/5690117559.jpg,http://nlp.cs.ucsb.edu/tmp/test/5690117677.jpg,http://nlp.cs.ucsb.edu/tmp/test/5690693648.jpg,http://nlp.cs.ucsb.edu/tmp/test/5690117903.jpg,http://nlp.cs.ucsb.edu/tmp/test/5690117801.jpg,http://nlp.cs.ucsb.edu/tmp/test/4946383863.jpg,http://nlp.cs.ucsb.edu/tmp/test/4946970520.jpg,http://nlp.cs.ucsb.edu/tmp/test/4946970348.jpg,http://nlp.cs.ucsb.edu/tmp/test/4946383447.jpg,http://nlp.cs.ucsb.edu/tmp/test/4946971088.jpg,http://nlp.cs.ucsb.edu/tmp/test/6828585179.jpg,http://nlp.cs.ucsb.edu/tmp/test/6828584795.jpg,http://nlp.cs.ucsb.edu/tmp/test/6828584731.jpg,http://nlp.cs.ucsb.edu/tmp/test/6828584669.jpg,http://nlp.cs.ucsb.edu/tmp/test/6828585367.jpg,the students gathered to listen to the presenters give lectures . there was several presenters on hand to speak . they spoke to the crowd with new ideas . the students listened with interest . some of the students took notes as the presenters spoke .,  today was the day . there were a lot of people there . i had a great time . they were all very happy to see each other . this is a picture of a group .,  we went to the amusement park today . there were a lot of people there . there were a lot of people there . we had a great time . we went to the park to eat .,the wheel was tall and had a big ferris wheel . there was a light and the people were filming near the garden .,  this is a picture of a house . we took a walk through the park . this is a picture of a building . this is a picture of a building . it was a beautiful day for the family .,"our home town is quaint . we jumped in the river , and walked down the empty streets . visited the post office for some packages , and then enjoyed the view .",we arrived late at the party and it was n't by accident . i was n't looking forward to another boring gathering . but a croquet game started and it was really fun . i had n't played since i was a kid but i did pretty well . i 'll happily attend more family functions if games are played .,  a group of people gathered for a picnic . everyone was having a great time . the guys were ready to play . the kids were having a great time . i had a great time there .,  today was the day . the train was going on . this is a picture of a man . [male] and [male] were happy to see each other . he was very proud of his accomplishments .,"[female] can only mean one thing , football ! the bus is loaded and ready to go . the coach is excited and expects a great season . sportscasters line up and hand out predictions for the upcoming season . but most important of all are the players . they 've been practicing all year for this moment .",  i went to the halloween party last night . we had a lot of fun at the party . we also had a pumpkin carving contest . there were a lot of people there . it was a great time and i ca n't wait to go back .,we went to visit my friend last week . he loves halloween . he always makes the craziest jack-o-lanterns . he really enjoys it . he takes extra time to put up great decorations . all of the kids love going to his house .,72157650366560532,72157628033104348,72157623578109828,72157626529005069,72157625207413126,72157629197277031,0,1,1,0,1,1
http://nlp.cs.ucsb.edu/tmp/test/6404342.jpg,http://nlp.cs.ucsb.edu/tmp/test/6404337.jpg,http://nlp.cs.ucsb.edu/tmp/test/6404410.jpg,http://nlp.cs.ucsb.edu/tmp/test/6404452.jpg,http://nlp.cs.ucsb.edu/tmp/test/6404384.jpg,http://nlp.cs.ucsb.edu/tmp/test/4298001041.jpg,http://nlp.cs.ucsb.edu/tmp/test/4298004731.jpg,http://nlp.cs.ucsb.edu/tmp/test/4298773190.jpg,http://nlp.cs.ucsb.edu/tmp/test/4298038691.jpg,http://nlp.cs.ucsb.edu/tmp/test/4298797028.jpg,http://nlp.cs.ucsb.edu/tmp/test/294148678.jpg,http://nlp.cs.ucsb.edu/tmp/test/294149517.jpg,http://nlp.cs.ucsb.edu/tmp/test/294151161.jpg,http://nlp.cs.ucsb.edu/tmp/test/294151585.jpg,http://nlp.cs.ucsb.edu/tmp/test/294152386.jpg,http://nlp.cs.ucsb.edu/tmp/test/6796325717.jpg,http://nlp.cs.ucsb.edu/tmp/test/6796330057.jpg,http://nlp.cs.ucsb.edu/tmp/test/6796333301.jpg,http://nlp.cs.ucsb.edu/tmp/test/6796336623.jpg,http://nlp.cs.ucsb.edu/tmp/test/6796340595.jpg,http://nlp.cs.ucsb.edu/tmp/test/3541355238.jpg,http://nlp.cs.ucsb.edu/tmp/test/3541356300.jpg,http://nlp.cs.ucsb.edu/tmp/test/3540546869.jpg,http://nlp.cs.ucsb.edu/tmp/test/3540551759.jpg,http://nlp.cs.ucsb.edu/tmp/test/3541360416.jpg,http://nlp.cs.ucsb.edu/tmp/test/2253573.jpg,http://nlp.cs.ucsb.edu/tmp/test/2253553.jpg,http://nlp.cs.ucsb.edu/tmp/test/2253485.jpg,http://nlp.cs.ucsb.edu/tmp/test/2253482.jpg,http://nlp.cs.ucsb.edu/tmp/test/2253508.jpg,"he is very happy to finally have modern office equipment . the old computers were sitting in the corner awaiting pickup . would n't you know the new computer would crash on the very first day . time for a break . meanwhile , not all the workers have desks .",  i went to the office yesterday . he had to make sure that the computer was going to be done . i had a great time . this is a picture of a building . i 'm not sure what this is .,  we went on a tour of the city . the sun was setting and the sun was setting . we went to the city to see the city . the sun was setting and the sun was setting . it was a beautiful day for the night .,i went on vacation last weekend . the city was beautiful at night . i had a great time walking around . i enjoyed all of the sights . the buildings were very beautiful .,"[male] is an artist , but not your regular kind . he creates some amazing lawn sculptures . some have even been on display in art galleries . and a lot are on display all the time at office buildings . he even has one here in our local park .",  we went to the house for the weekend . [male] and [male] decided to go to the park to get some food . i had a great time at the museum . the fountain was very beautiful . this is a picture of a snake .,  [female] and [female] were having a great time at the party . [female] and [female] were having a great time . some of the costumes were very scary . the girl was very happy to be there . we had a great time at the party .,the stylist team are all smiles after getting the ms location pageant contestants ready to walk the stage . [female] smiles for a photo with ms. [female] toledo for a photo before her walk on stage . four contestants get a quick photo op in before the big walk . [female] takes a quick selfie before taking her seat to watch the beautiful ladies walk . all of the ladies look beautiful thanks to the talented stylist . they walk across the stage proudly as they introduce themselves .,"the stadium was about to be packed for the vt commencement ceremony ! all of the graduates were anxious for it to start . finally , it began , the degrees distributed . each were individually called , and received their own diploma to display !",  today was the day of the graduation ceremony . there were so many people there . they were very excited to be there . the students were very proud of their accomplishments . it was a great day for the family .,there were many people at the protest . they had many signs and flags as well . they did not like the war and made this known before leaving .,  the crowd gathered for the event . there were a lot of people there . there were a lot of people there . a lot of people showed up for the event . we had a great time there .,159883,72157623144843189,72157594369842318,72157629123437977,72157622470704661,56858,0,1,0,1,0,0
http://nlp.cs.ucsb.edu/tmp/test/171285717.jpg,http://nlp.cs.ucsb.edu/tmp/test/171285357.jpg,http://nlp.cs.ucsb.edu/tmp/test/171285417.jpg,http://nlp.cs.ucsb.edu/tmp/test/171285930.jpg,http://nlp.cs.ucsb.edu/tmp/test/171285527.jpg,http://nlp.cs.ucsb.edu/tmp/test/3964134873.jpg,http://nlp.cs.ucsb.edu/tmp/test/3964895608.jpg,http://nlp.cs.ucsb.edu/tmp/test/3964130459.jpg,http://nlp.cs.ucsb.edu/tmp/test/3964894964.jpg,http://nlp.cs.ucsb.edu/tmp/test/3964914240.jpg,http://nlp.cs.ucsb.edu/tmp/test/425113508.jpg,http://nlp.cs.ucsb.edu/tmp/test/425114749.jpg,http://nlp.cs.ucsb.edu/tmp/test/425113948.jpg,http://nlp.cs.ucsb.edu/tmp/test/425116098.jpg,http://nlp.cs.ucsb.edu/tmp/test/425114521.jpg,http://nlp.cs.ucsb.edu/tmp/test/3686899823.jpg,http://nlp.cs.ucsb.edu/tmp/test/3686900307.jpg,http://nlp.cs.ucsb.edu/tmp/test/3686900831.jpg,http://nlp.cs.ucsb.edu/tmp/test/3687702922.jpg,http://nlp.cs.ucsb.edu/tmp/test/3687703662.jpg,http://nlp.cs.ucsb.edu/tmp/test/34042338.jpg,http://nlp.cs.ucsb.edu/tmp/test/34041934.jpg,http://nlp.cs.ucsb.edu/tmp/test/34042144.jpg,http://nlp.cs.ucsb.edu/tmp/test/34041643.jpg,http://nlp.cs.ucsb.edu/tmp/test/34041333.jpg,http://nlp.cs.ucsb.edu/tmp/test/7298593624.jpg,http://nlp.cs.ucsb.edu/tmp/test/7298574134.jpg,http://nlp.cs.ucsb.edu/tmp/test/7298581320.jpg,http://nlp.cs.ucsb.edu/tmp/test/7298599220.jpg,http://nlp.cs.ucsb.edu/tmp/test/7298601850.jpg,the guys working in the yard before dinner . our sunday family dinner . plenty to go around . decided to read the kids a story after dinner . she kept him up late last night .,  the family gathered for a picnic . we had a great dinner . the food was delicious . everyone had a great time . the baby was very happy to see him .,  the baby was very excited to see his son . they had a lot of fun playing with the games . he was very happy to see him . they had a lot of fun playing . the food was delicious .,he enjoyed playing the game to pass time . he preferred puzzle pieces . dad teaches her how to work the computer . the baby is interested in the game in his hand . dessert was almost gone .,  we went on a trip to the mountains . we went on a hike . we found a lot of interesting things to see . the view from the top of the mountain was beautiful . we had a great time there .,[male] and [female] went for a hike . they cam across a nature photographer . the photographer asked jill to pose for him . so she did in a house . and she also also posed outside .,today was the day . the big event . everyone was there . it was so exciting . i loved the show .,  it was a beautiful day for the fireworks show . there were a lot of people there . there was a lot of people there . the fireworks were amazing . the finale was amazing .,i spent a morning on my computer planning the party . my family members showed up to help set up . it was birthday and they got me cake . my friends showed up late but ate my food . when drank a bottle of wine in celebration .,  today we are getting ready for the birthday party . we had a great time at the party . the food was great and we had a great time . we made a cake for the birthday cake . the birthday boy is having a great time .,family and friends gathered at the house . it was a nice warm day . they spent time on paddle boats on the lake . they enjoyed the relaxing atmosphere . they ended the night with a fun board game .,  a group of friends got together for a party . we had a lot of fun . the water was very calm . we had a lot of fun playing with each other . we had a great time and had a great time .,72157594171854007,72157622352867975,72157600006405360,72157620811678257,754408,72157629960452550,0,1,1,0,0,0
http://nlp.cs.ucsb.edu/tmp/test/6026552536.jpg,http://nlp.cs.ucsb.edu/tmp/test/6026010213.jpg,http://nlp.cs.ucsb.edu/tmp/test/6026560598.jpg,http://nlp.cs.ucsb.edu/tmp/test/6026013697.jpg,http://nlp.cs.ucsb.edu/tmp/test/6026569312.jpg,http://nlp.cs.ucsb.edu/tmp/test/3211625310.jpg,http://nlp.cs.ucsb.edu/tmp/test/3211625046.jpg,http://nlp.cs.ucsb.edu/tmp/test/3210778831.jpg,http://nlp.cs.ucsb.edu/tmp/test/3211624280.jpg,http://nlp.cs.ucsb.edu/tmp/test/3210778555.jpg,http://nlp.cs.ucsb.edu/tmp/test/141441379.jpg,http://nlp.cs.ucsb.edu/tmp/test/141520602.jpg,http://nlp.cs.ucsb.edu/tmp/test/141602195.jpg,http://nlp.cs.ucsb.edu/tmp/test/141619407.jpg,http://nlp.cs.ucsb.edu/tmp/test/142376206.jpg,http://nlp.cs.ucsb.edu/tmp/test/6994225967.jpg,http://nlp.cs.ucsb.edu/tmp/test/6847944168.jpg,http://nlp.cs.ucsb.edu/tmp/test/6847944186.jpg,http://nlp.cs.ucsb.edu/tmp/test/6994151295.jpg,http://nlp.cs.ucsb.edu/tmp/test/6847734946.jpg,http://nlp.cs.ucsb.edu/tmp/test/15973438307.jpg,http://nlp.cs.ucsb.edu/tmp/test/15981616459.jpg,http://nlp.cs.ucsb.edu/tmp/test/16167672505.jpg,http://nlp.cs.ucsb.edu/tmp/test/16013163709.jpg,http://nlp.cs.ucsb.edu/tmp/test/16167408922.jpg,http://nlp.cs.ucsb.edu/tmp/test/6211041978.jpg,http://nlp.cs.ucsb.edu/tmp/test/6259916257.jpg,http://nlp.cs.ucsb.edu/tmp/test/6230757072.jpg,http://nlp.cs.ucsb.edu/tmp/test/6230761860.jpg,http://nlp.cs.ucsb.edu/tmp/test/6230240911.jpg,  the speaker was very excited to be there . the students were very excited to be there . the whole family was there to celebrate . the game was a success and everyone had a great time . the event was a success and everyone had a great time .,"graduation , the president of the class made a speech . then the president of the school spoke . the class listened intently . the class choir sang some songs . my grandparents enjoyed the festivities .",we decided to do a service project fo rthe school . we put mulch down for the playground . then helped build it . the kids were really excited . they could n't wait to play on it .,  i had a great time at the grill today . we had a lot of fun . we had a lot of food to choose from . we had a lot of fun . the family took a picture together .,i had a great time at the youth charity center last weekend . i helped organize the outdoors event today . it was a lot of fun for the kids . they all had a great time playing all kinds of sports today . there were a lot of prizes to win .,"  the man is getting ready for the game . the game was a lot of fun . the game was a lot of fun . the game was a success . after the game , we all went to the bowling alley .",the dirt bike race was international it was very exciting the bikes go really fast the riders are professionals many guys come to compete,  the bikers were ready for the race . the bikers were neck and neck . this is a picture of a man . this is a picture of the race . the winner of the race was the winner of the race .,  it was time for the party to start . we had a lot of food to eat . the food was delicious . everyone had a great time . everyone had a great time and had a great time .,"last holiday , we gathered at my moms . she had a wide variety of fruit and drinks . i brought our baby along in celebration . my neighbor also came and had a lot of fun with us . towards the end of the night , we took a group picture .",i went to a conference . these were the key speakers at the event . they were very vocal about their game . this man moved a lot of people emotionally . they sat in a panel and answered questions .,  i had a great time at the conference yesterday . we had a great time there . the men are having a good time . the man was very happy to see him . i had a great time there .,72157627270728793,72157612720327475,72057594127107722,72157629613256003,72157649648811240,72157627815812442,1,0,0,0,1,0
http://nlp.cs.ucsb.edu/tmp/test/4267437526.jpg,http://nlp.cs.ucsb.edu/tmp/test/4267438628.jpg,http://nlp.cs.ucsb.edu/tmp/test/4266688917.jpg,http://nlp.cs.ucsb.edu/tmp/test/4267436018.jpg,http://nlp.cs.ucsb.edu/tmp/test/4267436988.jpg,http://nlp.cs.ucsb.edu/tmp/test/7003624908.jpg,http://nlp.cs.ucsb.edu/tmp/test/7149706007.jpg,http://nlp.cs.ucsb.edu/tmp/test/7003595454.jpg,http://nlp.cs.ucsb.edu/tmp/test/7149675811.jpg,http://nlp.cs.ucsb.edu/tmp/test/7149625163.jpg,http://nlp.cs.ucsb.edu/tmp/test/67417994.jpg,http://nlp.cs.ucsb.edu/tmp/test/67418164.jpg,http://nlp.cs.ucsb.edu/tmp/test/67418612.jpg,http://nlp.cs.ucsb.edu/tmp/test/67419798.jpg,http://nlp.cs.ucsb.edu/tmp/test/67419871.jpg,http://nlp.cs.ucsb.edu/tmp/test/2275641858.jpg,http://nlp.cs.ucsb.edu/tmp/test/2275613346.jpg,http://nlp.cs.ucsb.edu/tmp/test/2275610950.jpg,http://nlp.cs.ucsb.edu/tmp/test/2273611713.jpg,http://nlp.cs.ucsb.edu/tmp/test/2273578277.jpg,http://nlp.cs.ucsb.edu/tmp/test/5670707024.jpg,http://nlp.cs.ucsb.edu/tmp/test/5670140889.jpg,http://nlp.cs.ucsb.edu/tmp/test/5670142941.jpg,http://nlp.cs.ucsb.edu/tmp/test/5670144093.jpg,http://nlp.cs.ucsb.edu/tmp/test/5670146529.jpg,http://nlp.cs.ucsb.edu/tmp/test/4243158865.jpg,http://nlp.cs.ucsb.edu/tmp/test/4243159607.jpg,http://nlp.cs.ucsb.edu/tmp/test/4243159809.jpg,http://nlp.cs.ucsb.edu/tmp/test/4243933732.jpg,http://nlp.cs.ucsb.edu/tmp/test/4243934520.jpg,the kid was telling about his project that he was winning . then the man talked to his staff about the kids project to give an award to .,"  i went to the conference yesterday . the speaker gave a speech to the audience . they had a lot of questions from the audience . the students were very happy to see each other . after the ceremony , everyone gathered for a group photo .",  [male] and [male] went to the pool . the baby was very happy to see him . [female] and [female] are having a great time at the party . the kids had a great time playing in the pool . the kids had a great time at the park .,i went to the pool yesterday . when i got home i put the baby to sleep . my mom was outside with the children . there were some people in my pool . the children were playing basketball nearby .,"our get togethers with family are always so much fun . the turkey looks burnt , but it is n't . before dinner everyone calms down a bit . the food is always greatat the gatherings . my silly sister , who missed the gathering this year .","  the food was delicious . the chef is preparing the food for the party . we had a lot of fun . the food was delicious . after dinner , we all sat down to enjoy the cake .",  we went on a road trip to location . i had a great time . it was a nice day to go to the beach . we found a cave . the view from the top was amazing .,brothers bike riding in the mountain . exploring an abandon house . and discovering a hidden chamber . secret passage way to the beach . beautiful view of the beach at the end of the tunnel .,[male] jansen gave a speech at my organization last week . he talked about the importance of a good headstone . [male] [male] also showed up to do a skit with [male] . they talked about self defense and blade safety . then a random girl in a yellow dress started dancing .,  i had a great time at the conference yesterday . they had a lot of people there . he was very happy to see him . i had a great time there . they had a lot of fun .,  i went to the woods today . i had a great time there . the waterfall was beautiful and beautiful . this is a picture of a tree . we also saw a lot of interesting plants .,we went to a really old house today . we found a creepy door to a basement and went inside . there were huge caverns underneath the house . some of the scenery was beautiful . but chilling . we decided we needed to leave after we started hearing moaning sounds from inside .,72157623192175390,72157629616247290,1455232,72157603934726675,72157626609658836,72157623134784128,0,1,0,1,0,1
http://nlp.cs.ucsb.edu/tmp/test/4389398247.jpg,http://nlp.cs.ucsb.edu/tmp/test/4390166096.jpg,http://nlp.cs.ucsb.edu/tmp/test/4390166124.jpg,http://nlp.cs.ucsb.edu/tmp/test/4390165984.jpg,http://nlp.cs.ucsb.edu/tmp/test/4390165968.jpg,http://nlp.cs.ucsb.edu/tmp/test/4289349570.jpg,http://nlp.cs.ucsb.edu/tmp/test/4288603769.jpg,http://nlp.cs.ucsb.edu/tmp/test/4288603327.jpg,http://nlp.cs.ucsb.edu/tmp/test/4288602995.jpg,http://nlp.cs.ucsb.edu/tmp/test/4289341058.jpg,http://nlp.cs.ucsb.edu/tmp/test/4313917504.jpg,http://nlp.cs.ucsb.edu/tmp/test/4313182211.jpg,http://nlp.cs.ucsb.edu/tmp/test/4313919778.jpg,http://nlp.cs.ucsb.edu/tmp/test/4313184613.jpg,http://nlp.cs.ucsb.edu/tmp/test/4313920688.jpg,http://nlp.cs.ucsb.edu/tmp/test/4723641013.jpg,http://nlp.cs.ucsb.edu/tmp/test/4724294030.jpg,http://nlp.cs.ucsb.edu/tmp/test/4724295240.jpg,http://nlp.cs.ucsb.edu/tmp/test/4724297530.jpg,http://nlp.cs.ucsb.edu/tmp/test/4723646825.jpg,http://nlp.cs.ucsb.edu/tmp/test/4875156300.jpg,http://nlp.cs.ucsb.edu/tmp/test/4875159858.jpg,http://nlp.cs.ucsb.edu/tmp/test/4874553379.jpg,http://nlp.cs.ucsb.edu/tmp/test/4874557065.jpg,http://nlp.cs.ucsb.edu/tmp/test/4874562481.jpg,http://nlp.cs.ucsb.edu/tmp/test/82713049.jpg,http://nlp.cs.ucsb.edu/tmp/test/82713055.jpg,http://nlp.cs.ucsb.edu/tmp/test/82714080.jpg,http://nlp.cs.ucsb.edu/tmp/test/82714772.jpg,http://nlp.cs.ucsb.edu/tmp/test/82715890.jpg,"  today was the day of the meeting . they had a lot of questions from the audience . he gave a speech to the audience . we had a great time . after the presentation , the speakers were given to the audience .",the guys were at a meeting and laughing . they presented their ideas and then took photos before talking some more .,"  the family took a trip to the mountains . there were a lot of interesting plants there . we had a great time . he had a great time at the park . as the sun went down , we watched the sunset .",we went on a hike yesterday . there were a lot of strange plants there . i had a great time . we drank a lot of water while we were hiking . the view was spectacular .,  i went to visit the church today . the streets were covered in snow . the market was full of fresh fruits and vegetables . there was also a lot of interesting things to see . this is a picture of a store .,i love the architecture of the old city the streets are narrow and everyone drive small cars local food is very good and very inexpensive all organic fruit and vegetables fruit and vegetables were cheap and delicious,the town reminded me of a movie scene . more than half of the population worked at the jiffy factory . a large map on the side of a building told us where we were . we made it to the church before the pastor left . then we had lunch at a diner called purple [female] .,  we went to the city last week . we had a great time there . there were a lot of people there . the building was very old . i had a great time there .,"  i went on a hike last weekend . this is a picture of a building . there were a lot of animals there . this is a picture of a fence . and , it was time to go back home .","this place is a dump . i mean it , a real dump . even the goat was not pleased . who would live like this ? humanity does n't have a chance !",the bride poses for a photo before her wedding . the flower girls wait to walk down the aisle . the newly weds take a picture after the ceremony . they also take a picture with the whole family . they celebrate their marriage with their first dance together as husband and wife,"  the bride and groom pose for a picture . the girls were very happy to see each other . the bride and groom pose for a picture . after the ceremony , the bride and groom pose for a picture . we had a great time at the reception .",72157623388688073,72157623120685495,72157623182397155,72157624331727446,72157624126371626,1767427,1,1,1,0,1,0
http://nlp.cs.ucsb.edu/tmp/test/181357689.jpg,http://nlp.cs.ucsb.edu/tmp/test/182515536.jpg,http://nlp.cs.ucsb.edu/tmp/test/183284697.jpg,http://nlp.cs.ucsb.edu/tmp/test/182223644.jpg,http://nlp.cs.ucsb.edu/tmp/test/181631561.jpg,http://nlp.cs.ucsb.edu/tmp/test/6232157436.jpg,http://nlp.cs.ucsb.edu/tmp/test/6232157164.jpg,http://nlp.cs.ucsb.edu/tmp/test/6231655909.jpg,http://nlp.cs.ucsb.edu/tmp/test/6232174432.jpg,http://nlp.cs.ucsb.edu/tmp/test/6232184294.jpg,http://nlp.cs.ucsb.edu/tmp/test/5364782085.jpg,http://nlp.cs.ucsb.edu/tmp/test/5364791141.jpg,http://nlp.cs.ucsb.edu/tmp/test/5364801099.jpg,http://nlp.cs.ucsb.edu/tmp/test/5365704891.jpg,http://nlp.cs.ucsb.edu/tmp/test/5366326736.jpg,http://nlp.cs.ucsb.edu/tmp/test/2434266.jpg,http://nlp.cs.ucsb.edu/tmp/test/2434281.jpg,http://nlp.cs.ucsb.edu/tmp/test/2434308.jpg,http://nlp.cs.ucsb.edu/tmp/test/2434335.jpg,http://nlp.cs.ucsb.edu/tmp/test/2434368.jpg,http://nlp.cs.ucsb.edu/tmp/test/4606998870.jpg,http://nlp.cs.ucsb.edu/tmp/test/4613775860.jpg,http://nlp.cs.ucsb.edu/tmp/test/4621590112.jpg,http://nlp.cs.ucsb.edu/tmp/test/4604763963.jpg,http://nlp.cs.ucsb.edu/tmp/test/4595022297.jpg,http://nlp.cs.ucsb.edu/tmp/test/7155162371.jpg,http://nlp.cs.ucsb.edu/tmp/test/7155164541.jpg,http://nlp.cs.ucsb.edu/tmp/test/7340366362.jpg,http://nlp.cs.ucsb.edu/tmp/test/7340369856.jpg,http://nlp.cs.ucsb.edu/tmp/test/7340371720.jpg,  we went to the park to celebrate the 4th of july . there were a lot of people there . there were a lot of people there . there were a lot of people there . this is a picture of a bridge .,we love fireworks shows . we attend them every year . we attend mostly on new years and the 4th of july . it 's always fun when another fireworks show comes to town . it 's a great time to spend with family .,  i went to the party last week . we had a great time at the game . it was a lot of fun . we had a great time . it was a great day .,one white car and one blue car . alot of people in football fields . person watching football in room . person play guitar outside home . tree at night times .,the protest was downtown this morning . many people of all races and sexes were in attendance . news crews from all around were there to report on the event . several groups carried banners in support of the cause . the entire protest was very peaceful and effective in my opinion .,  there was a lot of people at the parade . the parade was a success and everyone was excited . they had a lot of people there . they were very proud of the cause . this guy had a great time .,  i had a great time at the party yesterday . they had a lot of work to do . it 's time for the party . there was a lot of things to do . the cake was delicious .,the guy was getting a meal and then saw the christmas tree near the clock . after he went home he used the hose before making some cookies .,"we went on a day trip to bourbon street in location location . first , we saw some public art and made a list of things to do . then we ate some classic new orleans seafood . our trip would n't have been complete without hearing some jazz ! we finished up the trip by sleeping in a historic hotel .",  i went to the store to buy some food . the streets were very colorful . this is a picture of a building . the kids were very excited to be there . the buildings were very old .,i went to the award ceremony yesterday . there were a lot of people there . everyone received an award for their effort . they had a great time . i really enjoyed being there . some of the soldiers started singing .,  a group of people gathered for a picture . the speaker gave a speech to the audience . the speaker gave a speech to the audience . this is a picture of a man . everyone had a great time .,72157594187865594,72157627864675956,72157625850715298,61237,72157623923244977,72157630056039634,1,1,0,1,0,0
http://nlp.cs.ucsb.edu/tmp/test/4254458181.jpg,http://nlp.cs.ucsb.edu/tmp/test/4254462995.jpg,http://nlp.cs.ucsb.edu/tmp/test/4255228894.jpg,http://nlp.cs.ucsb.edu/tmp/test/4254464363.jpg,http://nlp.cs.ucsb.edu/tmp/test/4254464905.jpg,http://nlp.cs.ucsb.edu/tmp/test/131521911.jpg,http://nlp.cs.ucsb.edu/tmp/test/131522503.jpg,http://nlp.cs.ucsb.edu/tmp/test/131524250.jpg,http://nlp.cs.ucsb.edu/tmp/test/131523611.jpg,http://nlp.cs.ucsb.edu/tmp/test/131523179.jpg,http://nlp.cs.ucsb.edu/tmp/test/363877065.jpg,http://nlp.cs.ucsb.edu/tmp/test/363877195.jpg,http://nlp.cs.ucsb.edu/tmp/test/363877304.jpg,http://nlp.cs.ucsb.edu/tmp/test/363877447.jpg,http://nlp.cs.ucsb.edu/tmp/test/363877704.jpg,http://nlp.cs.ucsb.edu/tmp/test/4952490752.jpg,http://nlp.cs.ucsb.edu/tmp/test/4951900321.jpg,http://nlp.cs.ucsb.edu/tmp/test/4951900811.jpg,http://nlp.cs.ucsb.edu/tmp/test/4952492716.jpg,http://nlp.cs.ucsb.edu/tmp/test/4952493476.jpg,http://nlp.cs.ucsb.edu/tmp/test/4417008139.jpg,http://nlp.cs.ucsb.edu/tmp/test/4417773518.jpg,http://nlp.cs.ucsb.edu/tmp/test/4417008533.jpg,http://nlp.cs.ucsb.edu/tmp/test/4417009011.jpg,http://nlp.cs.ucsb.edu/tmp/test/4417775234.jpg,http://nlp.cs.ucsb.edu/tmp/test/4335682616.jpg,http://nlp.cs.ucsb.edu/tmp/test/4334937829.jpg,http://nlp.cs.ucsb.edu/tmp/test/4335685096.jpg,http://nlp.cs.ucsb.edu/tmp/test/4334938719.jpg,http://nlp.cs.ucsb.edu/tmp/test/4335679242.jpg,we all were waiting anxiously for dinner . then the lovely seafood platter arrived . we love playing with lobster legs it was time to exercise the dinner off so we palinode the beach like young kids,  we had a great time at the beach last night . the food was delicious . they had a lot of wine . we had a lot of fun dancing . we had a great time at the beach .,"  i went to the party last night . the music was great and we had a great time . we had a lot of fun dancing . [male] and [male] were having a great time . after the party , everyone had a great time and had a great time .",we went to see my friend 's band . i ran into an old friend ! we were all joking around . i called my other friends to tell them he was here . we all had a fun night .,we had to walk to the graduation ceremony because our car broke down . when we got there it was already over . we were still able to take pictures outside . everyone had come to show their support . afterward we went to a restaurant for dinner .,  i went to the school last weekend . the kids were very excited . my friend and i decided to go out for a long time . this is a picture of a man . we all had a great time .,  today was the day of the game . there were a lot of people there . one of the players had a great time . there were a lot of people there . it was a great game .,signing the contracts . presenting the trophy . making a dunk . the mascots running away . the fans cheering and shouting .,  this is my friend [male] . he was so excited to see his friend [male] . everyone was very happy to see him . the speaker gave a speech . this is a picture of a man .,i went to the meeting last week . there were many people there . i had to give some presentations . afterward we had some dessert . there were many presentations there .,i went for a hike last weekend . we went through the entire forest . it was very dense . when we finally got to the village we were very hungry . the locals made us some food .,  the view from the top of the mountain was amazing . there were a lot of people there . we had a great time . we had a lot of fun catching up . we had a great time at the park .,72157623162647704,72057594111789928,72157594490707109,72157625207406112,72157623456487091,72157623366569792,0,1,0,1,1,0
http://nlp.cs.ucsb.edu/tmp/test/46773076.jpg,http://nlp.cs.ucsb.edu/tmp/test/46773254.jpg,http://nlp.cs.ucsb.edu/tmp/test/46773424.jpg,http://nlp.cs.ucsb.edu/tmp/test/46773570.jpg,http://nlp.cs.ucsb.edu/tmp/test/46773613.jpg,http://nlp.cs.ucsb.edu/tmp/test/4499515.jpg,http://nlp.cs.ucsb.edu/tmp/test/4499512.jpg,http://nlp.cs.ucsb.edu/tmp/test/4499627.jpg,http://nlp.cs.ucsb.edu/tmp/test/4551597.jpg,http://nlp.cs.ucsb.edu/tmp/test/4551603.jpg,http://nlp.cs.ucsb.edu/tmp/test/4594101811.jpg,http://nlp.cs.ucsb.edu/tmp/test/4594715218.jpg,http://nlp.cs.ucsb.edu/tmp/test/4605897606.jpg,http://nlp.cs.ucsb.edu/tmp/test/4594717632.jpg,http://nlp.cs.ucsb.edu/tmp/test/4605288437.jpg,http://nlp.cs.ucsb.edu/tmp/test/156823003.jpg,http://nlp.cs.ucsb.edu/tmp/test/156824174.jpg,http://nlp.cs.ucsb.edu/tmp/test/156824515.jpg,http://nlp.cs.ucsb.edu/tmp/test/156823121.jpg,http://nlp.cs.ucsb.edu/tmp/test/156822863.jpg,http://nlp.cs.ucsb.edu/tmp/test/5565618266.jpg,http://nlp.cs.ucsb.edu/tmp/test/5573141447.jpg,http://nlp.cs.ucsb.edu/tmp/test/5573733896.jpg,http://nlp.cs.ucsb.edu/tmp/test/5573746986.jpg,http://nlp.cs.ucsb.edu/tmp/test/5573203941.jpg,http://nlp.cs.ucsb.edu/tmp/test/4442496311.jpg,http://nlp.cs.ucsb.edu/tmp/test/4443285166.jpg,http://nlp.cs.ucsb.edu/tmp/test/4443907430.jpg,http://nlp.cs.ucsb.edu/tmp/test/4443536344.jpg,http://nlp.cs.ucsb.edu/tmp/test/4443535200.jpg,"the big day has finally come ! here 's the gorgeous church we picked out . also the gorgeous cars we got for the special day . even the tent was gorgeous . we 're a stylish couple . the boys and i had a great time . husband and wife , finally . here 's to many great years !",  it was a beautiful day for the wedding . the bride and groom were very happy to be in the car . it was a beautiful day for the family . my friends and i had a great time . it was a beautiful day for the wedding .,  we had a great time at the party . i had a great time there . this is a picture of a man . the band played a lot of music . we had a great time .,we came to the party excited . there were so many cool people there . some old friends stopped by as well . the band began to play and they rocked out . the music carried us through the night .,the senator went to the military base of a good will mission he wanted the full experience he listened to everyone and what they had to say he learned so much about the military system he felt a feeling of accomplishment when he left,  it was a great day for the event . they had a lot of fun talking to each other . he was very happy to be there . we had a great time at the reception . they had a great time and had a great time .,  it was a great day for a family reunion . [male] was excited to get the food ready for the day . the kids had a great time playing with the kids . she was so happy to see him . it was a great day .,there was a cookout with friends and family met up for some stories and the kids played together the parents loved seeing the babys it was a wonderful day for kids and adults,"  the baseball game was a lot of fun . the students were very excited to see each other . they had a lot of fun at the game . this is a picture of a man . after the game , the crowd cheered .",today is the big game . the players are getting ready . the crowd is ready for the game . the players are greeting each other . the winning team is taking down the net and that ends the game and the day .,  we went to location for the day . there were a lot of people there . there were a lot of people there . there were a lot of people there . they had a lot of people there .,the building was large and had a big sign . there was an event for water that many people attended and all had a good time protesting .,1044910,661616,72157624030292358,72157594150383025,72157626367932082,72157623519894743,0,1,0,1,1,1
http://nlp.cs.ucsb.edu/tmp/test/418920.jpg,http://nlp.cs.ucsb.edu/tmp/test/418909.jpg,http://nlp.cs.ucsb.edu/tmp/test/418914.jpg,http://nlp.cs.ucsb.edu/tmp/test/418921.jpg,http://nlp.cs.ucsb.edu/tmp/test/418924.jpg,http://nlp.cs.ucsb.edu/tmp/test/10484374.jpg,http://nlp.cs.ucsb.edu/tmp/test/10484390.jpg,http://nlp.cs.ucsb.edu/tmp/test/10484430.jpg,http://nlp.cs.ucsb.edu/tmp/test/10484438.jpg,http://nlp.cs.ucsb.edu/tmp/test/10484531.jpg,http://nlp.cs.ucsb.edu/tmp/test/4242859406.jpg,http://nlp.cs.ucsb.edu/tmp/test/4242093229.jpg,http://nlp.cs.ucsb.edu/tmp/test/4242131931.jpg,http://nlp.cs.ucsb.edu/tmp/test/4242911284.jpg,http://nlp.cs.ucsb.edu/tmp/test/4242930938.jpg,http://nlp.cs.ucsb.edu/tmp/test/2174424068.jpg,http://nlp.cs.ucsb.edu/tmp/test/2173637129.jpg,http://nlp.cs.ucsb.edu/tmp/test/2174426000.jpg,http://nlp.cs.ucsb.edu/tmp/test/2174426992.jpg,http://nlp.cs.ucsb.edu/tmp/test/2174429800.jpg,http://nlp.cs.ucsb.edu/tmp/test/118261131.jpg,http://nlp.cs.ucsb.edu/tmp/test/118263158.jpg,http://nlp.cs.ucsb.edu/tmp/test/118265697.jpg,http://nlp.cs.ucsb.edu/tmp/test/118268111.jpg,http://nlp.cs.ucsb.edu/tmp/test/118269774.jpg,http://nlp.cs.ucsb.edu/tmp/test/4302379940.jpg,http://nlp.cs.ucsb.edu/tmp/test/4304581523.jpg,http://nlp.cs.ucsb.edu/tmp/test/4304585317.jpg,http://nlp.cs.ucsb.edu/tmp/test/4305360676.jpg,http://nlp.cs.ucsb.edu/tmp/test/4304617031.jpg,"a crowd gathered to wait for the concert . some fans decided to have fun while they waited . finally , a speaker introduced the main event . the crowd looked on in anticipation . the people went wild when they show finally started .",  it was a great day for a wedding . it was a lot of fun . there were many people there . a lot of people came out to watch the event . we had a great time .,"  we had a great time at the party . everyone had a great time . we played the piano for the band . i had a great time . after the game , we all got together for a group photo .","this is [male] . he is the best dj in the location area ! everyone asks him to come and dj their events . everyone has amazing fun with [male] ! and at times , he gets a little wild and crazy !","  this is a picture of a building . they had a lot of different things to see . the city was very tall . this is a picture of a building . and , the building was very tall .",we were down by the docks it was very interesting there was nothing going on it was pretty much abandoned the dry docks are empty,  the halloween party was a lot of fun . this is a picture of a man . some of the costumes were very scary . this is a picture of a man . this is a picture of a man .,"today is halloween . the friends and family all dressed up to celebrate the day . even the baby dressed up . i do n't really think the baby knew what was going on , though . it was a nice memorable halloween for the family .","  we went on a hike in the woods . this is a picture of a tree . i saw a lot of wildlife . this is a picture of a fence . after a long day , we decided to take a walk through the woods .",the tree branches here had a weird green color to them . there was a big gate to keep the cows in . here we stopped and found some pretty flowers . this is the farmhouse where the animals are . and here is some of the goats that were inside .,  i went to the game last weekend . it was a lot of fun . it was a great game . the players were ready to start the game . i had a great time .,cleaning the ice . about to start the game . practicing through the cones . making a shot . making the winning shot .,10332,258924,72157623132781720,72157603657119129,72057594091145852,72157623277682842,0,1,1,1,1,1
http://nlp.cs.ucsb.edu/tmp/test/9524831628.jpg,http://nlp.cs.ucsb.edu/tmp/test/9522210997.jpg,http://nlp.cs.ucsb.edu/tmp/test/9522283655.jpg,http://nlp.cs.ucsb.edu/tmp/test/9525161014.jpg,http://nlp.cs.ucsb.edu/tmp/test/9525603920.jpg,http://nlp.cs.ucsb.edu/tmp/test/5825628321.jpg,http://nlp.cs.ucsb.edu/tmp/test/5826203924.jpg,http://nlp.cs.ucsb.edu/tmp/test/5826204720.jpg,http://nlp.cs.ucsb.edu/tmp/test/5825648267.jpg,http://nlp.cs.ucsb.edu/tmp/test/5825649497.jpg,http://nlp.cs.ucsb.edu/tmp/test/3682252099.jpg,http://nlp.cs.ucsb.edu/tmp/test/3683064482.jpg,http://nlp.cs.ucsb.edu/tmp/test/3683064834.jpg,http://nlp.cs.ucsb.edu/tmp/test/3682251797.jpg,http://nlp.cs.ucsb.edu/tmp/test/3682252201.jpg,http://nlp.cs.ucsb.edu/tmp/test/133705203.jpg,http://nlp.cs.ucsb.edu/tmp/test/133705423.jpg,http://nlp.cs.ucsb.edu/tmp/test/133705615.jpg,http://nlp.cs.ucsb.edu/tmp/test/133706013.jpg,http://nlp.cs.ucsb.edu/tmp/test/133706497.jpg,http://nlp.cs.ucsb.edu/tmp/test/2573144941.jpg,http://nlp.cs.ucsb.edu/tmp/test/2573171773.jpg,http://nlp.cs.ucsb.edu/tmp/test/2573994706.jpg,http://nlp.cs.ucsb.edu/tmp/test/2546750901.jpg,http://nlp.cs.ucsb.edu/tmp/test/2546751223.jpg,http://nlp.cs.ucsb.edu/tmp/test/39459416.jpg,http://nlp.cs.ucsb.edu/tmp/test/39459617.jpg,http://nlp.cs.ucsb.edu/tmp/test/40364150.jpg,http://nlp.cs.ucsb.edu/tmp/test/40741245.jpg,http://nlp.cs.ucsb.edu/tmp/test/40741268.jpg,there were many photos at the exhibit . the lady was looking at them and saw many people in them before looking at the upcoming program .,  we went to the museum today . there were a lot of people there . there were a lot of people there . this is a picture of a group . this is a picture of a building .,  the game was going to be a great game . the players were ready to play . the players were ready to play . the game was fierce . it was a great game .,the goal kicked the ball . it was back in play . the boys fought for it . one of them ended stealing it . he heads for the goalie .,  today was the day of the 4th of july celebration . we had a great time at the carnival . there were so many different kinds of rides . the ferris wheel was so much fun . the fireworks were amazing and we had a great time .,we went to an amusement park for the day . we could n't wait to ride the big ferris wheel . the carousel was fun at night . the giant wheel let us see the entire park . the night came to an end with fire works .,  [male] was playing with his guitar . we had a great time at the party . everyone was having a great time . we had a lot of drinks . everyone had a great time .,"the guy was practicing guitar before his concert . many attended and even smoked inside , as well as outside .",  we had a party last night . we had a lot of fun at the party . we had a lot of fun . [male] 's friend [male] was there to get a picture of the camera . i had a great time at the party .,the umbrella catches the light . he 's taking a picture of you taking a picture of him . they share some smiles together . he takes a moment to kiss the baby . he 's getting ready to nurse that beer .,we drove next to the train . then we found mantis . it seemed really dangerous at the park . so we hid under an umbrella . i sure hope this is n't poison ivy !,  it was a great day to go on a trip to location . we went to the carnival and saw the ferris wheel . this is a picture of a sign . it was a lot of fun . it was a beautiful day .,72157635093336633,72157626821743987,72157620874108902,72057594115071974,72157605576271182,868353,0,1,1,1,1,0
http://nlp.cs.ucsb.edu/tmp/test/981297813.jpg,http://nlp.cs.ucsb.edu/tmp/test/982197956.jpg,http://nlp.cs.ucsb.edu/tmp/test/982247622.jpg,http://nlp.cs.ucsb.edu/tmp/test/981423111.jpg,http://nlp.cs.ucsb.edu/tmp/test/982297772.jpg,http://nlp.cs.ucsb.edu/tmp/test/30350010.jpg,http://nlp.cs.ucsb.edu/tmp/test/30350277.jpg,http://nlp.cs.ucsb.edu/tmp/test/30350211.jpg,http://nlp.cs.ucsb.edu/tmp/test/30166266.jpg,http://nlp.cs.ucsb.edu/tmp/test/30350376.jpg,http://nlp.cs.ucsb.edu/tmp/test/6616045169.jpg,http://nlp.cs.ucsb.edu/tmp/test/6616044629.jpg,http://nlp.cs.ucsb.edu/tmp/test/6616053019.jpg,http://nlp.cs.ucsb.edu/tmp/test/6616049313.jpg,http://nlp.cs.ucsb.edu/tmp/test/6616054639.jpg,http://nlp.cs.ucsb.edu/tmp/test/4314045281.jpg,http://nlp.cs.ucsb.edu/tmp/test/4314047915.jpg,http://nlp.cs.ucsb.edu/tmp/test/4314771170.jpg,http://nlp.cs.ucsb.edu/tmp/test/4314052959.jpg,http://nlp.cs.ucsb.edu/tmp/test/4314754812.jpg,http://nlp.cs.ucsb.edu/tmp/test/3522481654.jpg,http://nlp.cs.ucsb.edu/tmp/test/3522483512.jpg,http://nlp.cs.ucsb.edu/tmp/test/3522488496.jpg,http://nlp.cs.ucsb.edu/tmp/test/3521679429.jpg,http://nlp.cs.ucsb.edu/tmp/test/3521671139.jpg,http://nlp.cs.ucsb.edu/tmp/test/711846309.jpg,http://nlp.cs.ucsb.edu/tmp/test/712721446.jpg,http://nlp.cs.ucsb.edu/tmp/test/712721964.jpg,http://nlp.cs.ucsb.edu/tmp/test/712733596.jpg,http://nlp.cs.ucsb.edu/tmp/test/711896545.jpg,  the class was about to begin the project . we had a lot of work to do . the kids had to get out of the house . the kids had a great time . we all had a great time and had a great time .,let put together a train make sure to wear your goggles when you are using tools let 's make this train personal putting the finishing all aboard the fun train,"the local battle of the bands started with some typical vandalism . one of the signal lights was damaged . the bands started playing and this year , they were pretty good . the sound system was pretty terrible though . hundreds of people came for a listen . afterwards , we found some cardboard cutouts and we decided to play some carnival games with them .",  there were a lot of people there . there were a lot of people there . this is a picture of a building . it was a great day for a group of people . we had a great time at the party .,"  the family went on a trip to location . there were a lot of people there . there were many interesting things to see . the rock formations were amazing . after a long day , we went to the beach .",our vacation led us on an unusual trail . the nature all around us amazed us . the sky promised good weather ahead . the kids were particularly happy about this vacation choice . we were really happy we had decided to come .,we went to the hot springs they were blasting we had a great view the water was incredible we would go back there soon,  it was a beautiful day for the race . there were a lot of people there . it was a lot of fun . it was a lot of fun . we had a great time .,"it was time for graduation at uf . [male] was graduating with many of his peers . after his graduation , he had to take a picture with the school mascot ! he was really great friends with his professors . he even went to church with one of his professors !",  it was a great day for the baseball game . the students were excited for the graduation ceremony . the students were very excited to be there . he was so proud of his diploma . this is a picture of a group .,  we decided to take a trip to the mountains . it was a lot of fun . it was a great view of the mountains . the view from the top of the mountain was amazing . we had a great time and had a great time .,"[female] was ready to hit the slopes . [male] told her to go ahead , he was going to rest while she skied . she got to the top and got ready to go down . the view of the mountains was beautiful as she skied down . she had a great day skiing !",72157601163302429,679261,72157628671377835,72157623184933535,72157617993794464,72157600637630564,1,0,1,0,0,1
http://nlp.cs.ucsb.edu/tmp/test/294257833.jpg,http://nlp.cs.ucsb.edu/tmp/test/294213302.jpg,http://nlp.cs.ucsb.edu/tmp/test/294215647.jpg,http://nlp.cs.ucsb.edu/tmp/test/294547782.jpg,http://nlp.cs.ucsb.edu/tmp/test/294181585.jpg,http://nlp.cs.ucsb.edu/tmp/test/5021737613.jpg,http://nlp.cs.ucsb.edu/tmp/test/5022344914.jpg,http://nlp.cs.ucsb.edu/tmp/test/5022346142.jpg,http://nlp.cs.ucsb.edu/tmp/test/5022346764.jpg,http://nlp.cs.ucsb.edu/tmp/test/5021744021.jpg,http://nlp.cs.ucsb.edu/tmp/test/2078943824.jpg,http://nlp.cs.ucsb.edu/tmp/test/2078153417.jpg,http://nlp.cs.ucsb.edu/tmp/test/2078155597.jpg,http://nlp.cs.ucsb.edu/tmp/test/2078947746.jpg,http://nlp.cs.ucsb.edu/tmp/test/2078948442.jpg,http://nlp.cs.ucsb.edu/tmp/test/4711369098.jpg,http://nlp.cs.ucsb.edu/tmp/test/4711373072.jpg,http://nlp.cs.ucsb.edu/tmp/test/4710736143.jpg,http://nlp.cs.ucsb.edu/tmp/test/4710750715.jpg,http://nlp.cs.ucsb.edu/tmp/test/4711394144.jpg,http://nlp.cs.ucsb.edu/tmp/test/141640351.jpg,http://nlp.cs.ucsb.edu/tmp/test/141640454.jpg,http://nlp.cs.ucsb.edu/tmp/test/141640509.jpg,http://nlp.cs.ucsb.edu/tmp/test/141640548.jpg,http://nlp.cs.ucsb.edu/tmp/test/141640600.jpg,http://nlp.cs.ucsb.edu/tmp/test/17721720.jpg,http://nlp.cs.ucsb.edu/tmp/test/17721693.jpg,http://nlp.cs.ucsb.edu/tmp/test/17721654.jpg,http://nlp.cs.ucsb.edu/tmp/test/17721752.jpg,http://nlp.cs.ucsb.edu/tmp/test/17721866.jpg,went to a party last night . all my friends were there . we played games . one friend brought his guitar and played . we had so much fun together and we laughed all night..,  [male] and [female] were having a great time at the party . everyone was having a great time at the party . [female] and [female] were having a great time . we had a lot of fun playing . everyone was having a great time .,  the players were ready for the game . it was a lot of fun . it was a great game . the game was very intense . the team won the game .,i had a great time at the high school ball game yesterday . there were many cheerleaders there . their routine was very good . there were a lot of ceremonies afterward . the game was very close .,  i went on a trip to location . the architecture of the art was amazing . the buildings were very old . this is a picture of a building . this is a picture of a man .,the bell was old but not rusty and it was in the tall tower . the shops were outside the tower and the buildings were even connected in the city with the orange roofs .,the men are excavating looking for artifacts . they have troughs set up to clean anything that they do find . they dug a huge hole in the ground as they have been looking . there are buckets by the hole where they put items in . one item that was found was an old vintage bottle .,  today we went to the farm today . it was a lot of fun . we had to make sure everything was set up . i got to meet a lot of people . it was a great day .,"[male] loved going to the lake . he just loved the scenery . it was beautiful and romantic . he loved the beautiful trees , and the way the water in the lake flowed . he loved walking under the underpass and playing with the mistletoes that drooped from above over his head . he most of all loved going to the lake with his boyfriend [male] . [male] and [male] would spend hours at a time there . after they 'd look at all the beautiful sights to see , they 'd lay down in the grass and talk about their life together .",  we went to the garden today . there were a lot of trees . we took a walk through the park . we had a great time there . this is a picture of a tree .,  this is a picture of a beach . we walked along the beach . we walked along the beach . it was a nice day to go to the beach . we had a great time at the park .,"we visited my parents house , which is close to the beach . their land is next to the ocean . the beach , however , is a little ways down the road . my mom showed my cousins poem he did in school . my dad enjoyed his time with his granddaughter .",72157594370002393,72157624903751507,72157603348987515,72157624300611300,72057594127440513,420260,0,1,1,0,0,1
http://nlp.cs.ucsb.edu/tmp/test/15610160074.jpg,http://nlp.cs.ucsb.edu/tmp/test/15612714863.jpg,http://nlp.cs.ucsb.edu/tmp/test/15610170814.jpg,http://nlp.cs.ucsb.edu/tmp/test/15610154464.jpg,http://nlp.cs.ucsb.edu/tmp/test/16206659906.jpg,http://nlp.cs.ucsb.edu/tmp/test/4793227788.jpg,http://nlp.cs.ucsb.edu/tmp/test/4793228066.jpg,http://nlp.cs.ucsb.edu/tmp/test/4793228542.jpg,http://nlp.cs.ucsb.edu/tmp/test/4793229520.jpg,http://nlp.cs.ucsb.edu/tmp/test/4793233244.jpg,http://nlp.cs.ucsb.edu/tmp/test/1014612226.jpg,http://nlp.cs.ucsb.edu/tmp/test/1013680303.jpg,http://nlp.cs.ucsb.edu/tmp/test/1014599294.jpg,http://nlp.cs.ucsb.edu/tmp/test/1014518682.jpg,http://nlp.cs.ucsb.edu/tmp/test/1013700321.jpg,http://nlp.cs.ucsb.edu/tmp/test/4916748.jpg,http://nlp.cs.ucsb.edu/tmp/test/4917865.jpg,http://nlp.cs.ucsb.edu/tmp/test/4917864.jpg,http://nlp.cs.ucsb.edu/tmp/test/4917868.jpg,http://nlp.cs.ucsb.edu/tmp/test/4917870.jpg,http://nlp.cs.ucsb.edu/tmp/test/7363625612.jpg,http://nlp.cs.ucsb.edu/tmp/test/7363625130.jpg,http://nlp.cs.ucsb.edu/tmp/test/7363624778.jpg,http://nlp.cs.ucsb.edu/tmp/test/7363624240.jpg,http://nlp.cs.ucsb.edu/tmp/test/7178397477.jpg,http://nlp.cs.ucsb.edu/tmp/test/1796791735.jpg,http://nlp.cs.ucsb.edu/tmp/test/1797638724.jpg,http://nlp.cs.ucsb.edu/tmp/test/1796802911.jpg,http://nlp.cs.ucsb.edu/tmp/test/1796812039.jpg,http://nlp.cs.ucsb.edu/tmp/test/1797654248.jpg,this is a panel discussion . this is a picture of a man making a speech . this is a woman making a speech . this is a group of military personnel . this is a picture of the audience .,  the students gathered for the ceremony . the speaker gave a speech to the audience . the speaker gave a speech to the audience . they were all very proud . the crowd was very happy and everyone had a great time .,  today was the day . we had a lot of food to eat . they had a lot of work to do . the kids were very excited to be there . the kids are having a great time at the park .,today we had an picnic in the park we invited the whole familuy to come out . here is uncle [male] and [female] making something . now the boys show off the birdhouses they had made once we are we strat to clean up and go home .,though sometimes it may be hard to see . i know i live in one of the most beautiful places in the world . i may not be as beautiful it 's true . but everyday i do my job eating all of the decaying forest vegetation . so that new things can grow around me .,  i went on a hike last weekend . it was a beautiful day . there were a lot of wildlife there . i saw a lot of interesting plants . there were a lot of flowers .,  i had a great time at the beach last weekend . this is a picture of a tree . the weather was very cold . it was a beautiful day . the roads were empty and the weather was very cold .,"these maps show where all the major storms were . a large tornado touched down . everyone in the neighborhood was in fear of losing their homes . as you see , the clouds were very dark and sinister . they brought heavy rainfall and flooded roads .",at the beginning of the graduation there was a flag ceremony . all of the students and family members were waiting in the crowd . the soldiers-to-be were sitting in the very front . one of the students gave a speech . finally we were all awarded medals .,  there were a lot of people there . there were a lot of people there . the speaker was very talented . it was a great day for a group photo . some of the speakers were very proud .,"happy halloween , kids ! i dressed as a dinosaur today . while uncle [male] and aunt [female] dressed like medusa and the big lebowski . little [male] jr. was a tiny giraffe . ( cute ! ) while aunt [female] just dressed normally .",  the family was excited for the halloween party . this is a picture of a man . the baby is having a good time at the party . we had a lot of fun . this is a picture of a man .,72157649780970810,72157624492137536,72157601226364674,123763,72157630107880142,72157602780268689,0,1,0,1,0,0
http://nlp.cs.ucsb.edu/tmp/test/17445851.jpg,http://nlp.cs.ucsb.edu/tmp/test/17439347.jpg,http://nlp.cs.ucsb.edu/tmp/test/17439348.jpg,http://nlp.cs.ucsb.edu/tmp/test/17461184.jpg,http://nlp.cs.ucsb.edu/tmp/test/17465343.jpg,http://nlp.cs.ucsb.edu/tmp/test/20403077.jpg,http://nlp.cs.ucsb.edu/tmp/test/20403190.jpg,http://nlp.cs.ucsb.edu/tmp/test/20403474.jpg,http://nlp.cs.ucsb.edu/tmp/test/20403542.jpg,http://nlp.cs.ucsb.edu/tmp/test/20403520.jpg,http://nlp.cs.ucsb.edu/tmp/test/3549332283.jpg,http://nlp.cs.ucsb.edu/tmp/test/3550160812.jpg,http://nlp.cs.ucsb.edu/tmp/test/3550171580.jpg,http://nlp.cs.ucsb.edu/tmp/test/3549368069.jpg,http://nlp.cs.ucsb.edu/tmp/test/3549370593.jpg,http://nlp.cs.ucsb.edu/tmp/test/16219421.jpg,http://nlp.cs.ucsb.edu/tmp/test/16219275.jpg,http://nlp.cs.ucsb.edu/tmp/test/16216826.jpg,http://nlp.cs.ucsb.edu/tmp/test/16217114.jpg,http://nlp.cs.ucsb.edu/tmp/test/16218274.jpg,http://nlp.cs.ucsb.edu/tmp/test/2118096031.jpg,http://nlp.cs.ucsb.edu/tmp/test/2118095305.jpg,http://nlp.cs.ucsb.edu/tmp/test/2118873632.jpg,http://nlp.cs.ucsb.edu/tmp/test/2118095921.jpg,http://nlp.cs.ucsb.edu/tmp/test/2118092861.jpg,http://nlp.cs.ucsb.edu/tmp/test/4363559410.jpg,http://nlp.cs.ucsb.edu/tmp/test/4362821043.jpg,http://nlp.cs.ucsb.edu/tmp/test/4363561824.jpg,http://nlp.cs.ucsb.edu/tmp/test/4363560336.jpg,http://nlp.cs.ucsb.edu/tmp/test/4363564808.jpg,the flowers were blooming and there were many spices for sale including curcuma . there was also bottled items that were very intricate .,  we went to the market today . the food was delicious . it was a lot of fun . the food was delicious . i had a great time at the party .,  i went on a trip to location . we went to the capital building . there were many flags in the sky . the man and his wife took a picture in front of the building . the view from the top of the bridge was beautiful .,the water was calm near the shore . the people laughed at the window and then they laid out .,  today was the day of the graduation ceremony . the graduates were so excited to graduate . the family was very happy to see each other . my family was so proud of him . the family was very happy to be there .,"[male] on his graduation day . [male] as he hugs his fellow classmate on stage , [male] and [male] are so proud of [male] we took a picture with [male] as well ! the location mascot had time for the fresh graduates .",far off places are always interesting to visit . you get to meet new people and have a good time . even our military gather around the cities . there are shows that are played for the visitors . the night is followed up with a concert in the park .,  there were a lot of people there . there were a lot of people there . there were many people there . there were a lot of people there . it was a great night .,  this is a picture of a statue . this is a picture of a flag . there were many monuments there . the statue of the memorial was very beautiful . this is a picture of a monument .,we visited a very special cemetery today . there were many old headstones . there were some very unique headstones . there were a lot of service members buried there . there were some headstones with statues on them .,today was the day . everyone was there . it was packed . then came the speech . and then the awards .,  [male] was excited to be at the conference . we had a lot of food and drinks . they had a lot of people there . the speaker was very happy to see him . we all had a great time and had a great time .,414318,476406,72157618548780362,389187,72157603481848222,72157623449162982,0,1,1,0,1,0
http://nlp.cs.ucsb.edu/tmp/test/60461831.jpg,http://nlp.cs.ucsb.edu/tmp/test/60461920.jpg,http://nlp.cs.ucsb.edu/tmp/test/60462302.jpg,http://nlp.cs.ucsb.edu/tmp/test/60462630.jpg,http://nlp.cs.ucsb.edu/tmp/test/60462951.jpg,http://nlp.cs.ucsb.edu/tmp/test/8139399.jpg,http://nlp.cs.ucsb.edu/tmp/test/8139398.jpg,http://nlp.cs.ucsb.edu/tmp/test/8138852.jpg,http://nlp.cs.ucsb.edu/tmp/test/8139989.jpg,http://nlp.cs.ucsb.edu/tmp/test/8140629.jpg,http://nlp.cs.ucsb.edu/tmp/test/424268036.jpg,http://nlp.cs.ucsb.edu/tmp/test/424268274.jpg,http://nlp.cs.ucsb.edu/tmp/test/424268441.jpg,http://nlp.cs.ucsb.edu/tmp/test/424575422.jpg,http://nlp.cs.ucsb.edu/tmp/test/424577043.jpg,http://nlp.cs.ucsb.edu/tmp/test/5135814666.jpg,http://nlp.cs.ucsb.edu/tmp/test/5135217407.jpg,http://nlp.cs.ucsb.edu/tmp/test/5135220675.jpg,http://nlp.cs.ucsb.edu/tmp/test/5135222265.jpg,http://nlp.cs.ucsb.edu/tmp/test/5135223231.jpg,http://nlp.cs.ucsb.edu/tmp/test/4389436257.jpg,http://nlp.cs.ucsb.edu/tmp/test/4390204096.jpg,http://nlp.cs.ucsb.edu/tmp/test/4390204132.jpg,http://nlp.cs.ucsb.edu/tmp/test/4389436285.jpg,http://nlp.cs.ucsb.edu/tmp/test/4389436249.jpg,http://nlp.cs.ucsb.edu/tmp/test/68385517.jpg,http://nlp.cs.ucsb.edu/tmp/test/68385075.jpg,http://nlp.cs.ucsb.edu/tmp/test/68385390.jpg,http://nlp.cs.ucsb.edu/tmp/test/68389765.jpg,http://nlp.cs.ucsb.edu/tmp/test/68385026.jpg,the race was coming to an end and the people were running fast . the walkers were finishing too before they sped up and finished the race too .,  the runners were ready for the race . there were many people in the race . the race was in the race . the runners were off to the finish line . the race was a success and everyone was happy to be there .,"location ! this is where we stayed . not sure i could get used to living on water . we took a gondola ride , and he even sang to us . creepy , narrow alleyway . not going down there . time for lunch . it 's nice eating outside except for the birds . even the fresh produce is on boats . just too weird .",  the buildings were very old . the water was very calm . some of the buildings were very old . the city was very nice . i had a great time at the market .,  we went to the convention center . there were a lot of people there . this is a picture of a building . the speaker was very informative . the presentation was a success and everyone had a great time .,i went to the science fair last week . there were many different booths . i saw a lot of different equipment there . there was also a presentation . it was very insightful .,halloween was last night ! we decorated my house with vampire themed stuff . people began showing up around 6pm . the smiths across the street do n't celebrate halloween . [male] came over dressed like a skeleton .,  it 's halloween time . they had a lot of fun . the family is having a great time at the party . the christmas tree was decorated for the party . this is a picture of a man .,  the man was having a great time at the meeting . the man is giving a speech . he was very happy to see him . the speaker gave a speech to the audience . there were a lot of people there .,"welcome to the meeting of the fun jobs inc . today we 're teaching you what our company is about . this man describes with great detail the fun in the company . he then shows a chart of all the profits we make at fun . any questions he says , i say , yes , lots .","[female] was dressed in her nice red dress . everyone was happy at the party . they all had a good time . [female] and uncle [male] wore hats were playing around . aunt [female] was drinking a really big glass of wine . mom , dad and [male] were all on the couch with their hats .",  the table was set up for the party . the little girl is having a great time . everyone was having a great time at the party . the baby was so happy to see him . we had a great time at the party .,1306323,202700,72157600005042432,72157625287632264,72157623513338444,1475214,0,0,1,0,1,0
http://nlp.cs.ucsb.edu/tmp/test/20387243.jpg,http://nlp.cs.ucsb.edu/tmp/test/20389936.jpg,http://nlp.cs.ucsb.edu/tmp/test/20386343.jpg,http://nlp.cs.ucsb.edu/tmp/test/20384883.jpg,http://nlp.cs.ucsb.edu/tmp/test/20385743.jpg,http://nlp.cs.ucsb.edu/tmp/test/4701478893.jpg,http://nlp.cs.ucsb.edu/tmp/test/4702120204.jpg,http://nlp.cs.ucsb.edu/tmp/test/4701486299.jpg,http://nlp.cs.ucsb.edu/tmp/test/4702127404.jpg,http://nlp.cs.ucsb.edu/tmp/test/4701495469.jpg,http://nlp.cs.ucsb.edu/tmp/test/4259351756.jpg,http://nlp.cs.ucsb.edu/tmp/test/4259351320.jpg,http://nlp.cs.ucsb.edu/tmp/test/4258596473.jpg,http://nlp.cs.ucsb.edu/tmp/test/4258596007.jpg,http://nlp.cs.ucsb.edu/tmp/test/4259351484.jpg,http://nlp.cs.ucsb.edu/tmp/test/2534955.jpg,http://nlp.cs.ucsb.edu/tmp/test/2537937.jpg,http://nlp.cs.ucsb.edu/tmp/test/2378786.jpg,http://nlp.cs.ucsb.edu/tmp/test/2537929.jpg,http://nlp.cs.ucsb.edu/tmp/test/2378669.jpg,http://nlp.cs.ucsb.edu/tmp/test/4426043960.jpg,http://nlp.cs.ucsb.edu/tmp/test/4426044670.jpg,http://nlp.cs.ucsb.edu/tmp/test/4467965708.jpg,http://nlp.cs.ucsb.edu/tmp/test/4467193341.jpg,http://nlp.cs.ucsb.edu/tmp/test/4467193103.jpg,http://nlp.cs.ucsb.edu/tmp/test/3694350550.jpg,http://nlp.cs.ucsb.edu/tmp/test/3691598980.jpg,http://nlp.cs.ucsb.edu/tmp/test/3694351198.jpg,http://nlp.cs.ucsb.edu/tmp/test/3690803821.jpg,http://nlp.cs.ucsb.edu/tmp/test/3694352398.jpg,  this is a picture of a lake . the water was very calm . the water was clear and the water was calm . we had a bonfire to get a fire . we had a great time .,"we stayed by a lake . the lake was very calm . we decided to take a boat ride out . later that evening , we built a fire . we just sat and relaxed around it .",my husband and i are so proud of our daughter . she finally graduated from elementary school today . the rest of the parents were just as excited as we were . she shook her teacher 's hand and passed over into the next grade . all of the kids held up their diplomas with pride .,"  today was the first day of school . there were a lot of people there . there were a lot of people there . they were very happy to see each other . after the ceremony , the speakers were given to the audience .",  we had a great time at the beach . it was a lot of fun . the soldiers were very happy to see them . they were very happy to see each other . i had a great time there .,today was the day . we finally met . we exchanged ideas . left the class room behind . and got out in the real world .,[male] had recently lost his job . [male] went to the park everyday . he took the train and pretended to go to work . he would sit and feed the birds all day long while his wife though he was at work . when she found out he was lying she was very angry .,  i went to the park yesterday . we took a walk through the woods . the bridge was very tall . we had a great time there . we had a great time .,there is something about a small farm that i like . fields of corn and a nice small birdhouse . the local market has some great looking food . a statue to watch over the town . i like these arched windows .,  this is a picture of a building . this is a picture of a building . there was a lot of food at the market . we saw a lot of old buildings . we had a great time there .,  it was time for the 4th of july . the fireworks were beautiful . the little girl was very happy to see him . there were a lot of people there . we had a great time at the party .,"hey decided to take the kids for their first fireworks show on july 4th . the colors were very bright . he enjoyed them very much , even with his ear protectors on . the show was coming to an end . it was a great display , and even the baby was happy they went .",476170,72157624153192795,72157623047955989,63571,72157623714894246,72157620996064968,1,0,1,0,0,1
http://nlp.cs.ucsb.edu/tmp/test/5951997906.jpg,http://nlp.cs.ucsb.edu/tmp/test/5951322289.jpg,http://nlp.cs.ucsb.edu/tmp/test/5951922674.jpg,http://nlp.cs.ucsb.edu/tmp/test/5951335133.jpg,http://nlp.cs.ucsb.edu/tmp/test/5951378169.jpg,http://nlp.cs.ucsb.edu/tmp/test/4242363169.jpg,http://nlp.cs.ucsb.edu/tmp/test/4243136776.jpg,http://nlp.cs.ucsb.edu/tmp/test/4242364459.jpg,http://nlp.cs.ucsb.edu/tmp/test/4243138084.jpg,http://nlp.cs.ucsb.edu/tmp/test/4243138496.jpg,http://nlp.cs.ucsb.edu/tmp/test/259449864.jpg,http://nlp.cs.ucsb.edu/tmp/test/259451095.jpg,http://nlp.cs.ucsb.edu/tmp/test/259444689.jpg,http://nlp.cs.ucsb.edu/tmp/test/259443675.jpg,http://nlp.cs.ucsb.edu/tmp/test/259445143.jpg,http://nlp.cs.ucsb.edu/tmp/test/258131821.jpg,http://nlp.cs.ucsb.edu/tmp/test/258132113.jpg,http://nlp.cs.ucsb.edu/tmp/test/258515149.jpg,http://nlp.cs.ucsb.edu/tmp/test/258515357.jpg,http://nlp.cs.ucsb.edu/tmp/test/259700308.jpg,http://nlp.cs.ucsb.edu/tmp/test/6614565335.jpg,http://nlp.cs.ucsb.edu/tmp/test/6614960247.jpg,http://nlp.cs.ucsb.edu/tmp/test/6615019561.jpg,http://nlp.cs.ucsb.edu/tmp/test/6615229499.jpg,http://nlp.cs.ucsb.edu/tmp/test/6615330255.jpg,http://nlp.cs.ucsb.edu/tmp/test/1794864740.jpg,http://nlp.cs.ucsb.edu/tmp/test/1794023381.jpg,http://nlp.cs.ucsb.edu/tmp/test/1794025049.jpg,http://nlp.cs.ucsb.edu/tmp/test/1794867790.jpg,http://nlp.cs.ucsb.edu/tmp/test/1794868540.jpg,we went to a car show . there was a lot of information there . lots of old cars . some have been restored . it was an interesting event .,  i went to the city yesterday . there were a lot of people there . the cars were very old . there were a lot of people there . it was a great day for the kids .,  i went to the concert last weekend . the crowd was very talented . the drummer was very good . the band played a lot of songs . the drummer was very good .,i went to the concert last night . there were a lot of band members there . they were all very well dressed . they had practiced for a long time . i had a great time at the concert .,  we went on a trip to the park . this is a picture of a man . the dog was very happy to see him . they went to the museum to see the sights . this is a picture of a lake .,a deer follows a man on the sidewalk . the man pets the deers mother . the deer gets close to the camera and the man snaps a picture . the man then goes to an asian temple of some kind . he then relaxes on a mini island .,i cleaned my plate . but then the food reappeared . i followed it up with some pie . there were some beautiful flowers . then i saw a beautiful sunset .,  the family was ready for the day . we had a lot of food . the food was delicious . it was a beautiful day for the park . we had a great time .,"on the road trip , we took a truck and a camper . mom opened the door of the camper to peek inside . inside was a picnic table filled with food . people heard about it and started to come by . more people showed for the wonderful sight inside the camper .",  my family and i went to the park today . the little girl was very happy to see him . we had a great time at the park . there was a lot of people there . the kids had a great time at the party .,  the halloween party was a lot of fun . some of the costumes were very scary . there were a lot of people there . the pumpkins were very scary . there were a lot of people there .,we had a party at my house today . several people showed up to help us celebrate the season . we enjoyed each others company we carved some scary looking pumpkins . i thought this costume was very unique she looked like a car that had working head lights .,72157627225981046,72157623133202486,72157594310500030,72157594308439717,72157628667758209,72157602770687293,0,1,1,0,0,1
http://nlp.cs.ucsb.edu/tmp/test/5663823448.jpg,http://nlp.cs.ucsb.edu/tmp/test/5663822756.jpg,http://nlp.cs.ucsb.edu/tmp/test/5663822666.jpg,http://nlp.cs.ucsb.edu/tmp/test/5663254473.jpg,http://nlp.cs.ucsb.edu/tmp/test/5663822874.jpg,http://nlp.cs.ucsb.edu/tmp/test/5626785329.jpg,http://nlp.cs.ucsb.edu/tmp/test/5626792975.jpg,http://nlp.cs.ucsb.edu/tmp/test/5627386094.jpg,http://nlp.cs.ucsb.edu/tmp/test/5627393482.jpg,http://nlp.cs.ucsb.edu/tmp/test/5626887729.jpg,http://nlp.cs.ucsb.edu/tmp/test/562768785.jpg,http://nlp.cs.ucsb.edu/tmp/test/562786159.jpg,http://nlp.cs.ucsb.edu/tmp/test/562427734.jpg,http://nlp.cs.ucsb.edu/tmp/test/562467436.jpg,http://nlp.cs.ucsb.edu/tmp/test/562520294.jpg,http://nlp.cs.ucsb.edu/tmp/test/28495271.jpg,http://nlp.cs.ucsb.edu/tmp/test/28495093.jpg,http://nlp.cs.ucsb.edu/tmp/test/28495102.jpg,http://nlp.cs.ucsb.edu/tmp/test/28495189.jpg,http://nlp.cs.ucsb.edu/tmp/test/28495155.jpg,http://nlp.cs.ucsb.edu/tmp/test/3118013790.jpg,http://nlp.cs.ucsb.edu/tmp/test/3118014734.jpg,http://nlp.cs.ucsb.edu/tmp/test/3117187677.jpg,http://nlp.cs.ucsb.edu/tmp/test/3117188091.jpg,http://nlp.cs.ucsb.edu/tmp/test/3118016150.jpg,http://nlp.cs.ucsb.edu/tmp/test/130615952.jpg,http://nlp.cs.ucsb.edu/tmp/test/130615916.jpg,http://nlp.cs.ucsb.edu/tmp/test/130615943.jpg,http://nlp.cs.ucsb.edu/tmp/test/130615975.jpg,http://nlp.cs.ucsb.edu/tmp/test/130616009.jpg,walls had to be plastered . planks nailed . they had come to help them . the people were delighted to have them . it was always good to have helping hands .,  a group of people gathered for a picnic . the soldiers were ready to go . they were very happy to be there . it was a lot of fun . they were very happy to be there .,today was the day . we were going to finally do . we built a bridge . and it actually worked . now about the rest of the roast ... .,  this is a picture of a lake . the water was very calm and a lot of fun . a group of friends decided to take a walk on the river . the man is looking at a map . after that we had a great time and had a great time .,"a man was preparing the zoo for us . once everything was ready , we saw a polar bear . we also saw an oddly colored polar bear . we were scared , and seeing an owl did not calm us . we decided to leave but our path was blocked by a zebra .",  we went to the zoo today . we got to see the animals . this is a picture of a snake . there was a lot of interesting things to see . this is a picture of a snake .,  the group of students posed for a picture . there were a lot of people there . everyone was having a great time at the party . everyone was having a great time . we all had a great time and had a great time .,they took a lot of pictures . they took pictures as a group . the main group was the center of attention . they met up after the party . the party was a lot of fun for everyone in it .,last night was my graduation ceremony . the stadium was packed with people . the students waited patiently for their time to walk . there were many speakers at the ceremony . everyone celebrated when the ceremony was over .,  it was a beautiful day for the ceremony . the crowd gathered in the auditorium . there were a lot of people there . the students were very proud of their accomplishments . it was a great time .,"  [male] was excited for his first day of school . he was very happy to see him . the whole family is having a great time . the kids are having a great time at the party . after the party , everyone gathered around to celebrate the birthday girl .",the man is smiling widely at the camera . the man is holding the baby while the woman is smiling . the whole family is watching television . the family is getting organized at the table . the family is making big plans at the table .,72157626596756884,72157626390694245,72157600385894248,770686,72157611387513908,72057594110155809,0,0,0,1,0,1
http://nlp.cs.ucsb.edu/tmp/test/5088133887.jpg,http://nlp.cs.ucsb.edu/tmp/test/5088706570.jpg,http://nlp.cs.ucsb.edu/tmp/test/5088121045.jpg,http://nlp.cs.ucsb.edu/tmp/test/5088122887.jpg,http://nlp.cs.ucsb.edu/tmp/test/5088734170.jpg,http://nlp.cs.ucsb.edu/tmp/test/5636107960.jpg,http://nlp.cs.ucsb.edu/tmp/test/5636108104.jpg,http://nlp.cs.ucsb.edu/tmp/test/5635527975.jpg,http://nlp.cs.ucsb.edu/tmp/test/5636108478.jpg,http://nlp.cs.ucsb.edu/tmp/test/5636108774.jpg,http://nlp.cs.ucsb.edu/tmp/test/4946708975.jpg,http://nlp.cs.ucsb.edu/tmp/test/4946710757.jpg,http://nlp.cs.ucsb.edu/tmp/test/4947302306.jpg,http://nlp.cs.ucsb.edu/tmp/test/4947302486.jpg,http://nlp.cs.ucsb.edu/tmp/test/4946713243.jpg,http://nlp.cs.ucsb.edu/tmp/test/97030876.jpg,http://nlp.cs.ucsb.edu/tmp/test/97031222.jpg,http://nlp.cs.ucsb.edu/tmp/test/97030507.jpg,http://nlp.cs.ucsb.edu/tmp/test/97030771.jpg,http://nlp.cs.ucsb.edu/tmp/test/97030985.jpg,http://nlp.cs.ucsb.edu/tmp/test/6829247327.jpg,http://nlp.cs.ucsb.edu/tmp/test/6829222321.jpg,http://nlp.cs.ucsb.edu/tmp/test/6829236287.jpg,http://nlp.cs.ucsb.edu/tmp/test/6829229171.jpg,http://nlp.cs.ucsb.edu/tmp/test/6829215945.jpg,http://nlp.cs.ucsb.edu/tmp/test/2810472020.jpg,http://nlp.cs.ucsb.edu/tmp/test/2810471878.jpg,http://nlp.cs.ucsb.edu/tmp/test/2810474054.jpg,http://nlp.cs.ucsb.edu/tmp/test/2810473438.jpg,http://nlp.cs.ucsb.edu/tmp/test/2809627489.jpg,"  my family and i went to a halloween party . the kids are having a good time . my daughter was so happy to see him . and the baby was so happy to be in the tree . at the end of the day , the kids all had a great time .",the family went to a pumpkin patch . they had tons of fun with pumpkins . they loved how big and round they were . even the youngest got in on the fun . they loved their time at the patch .,a fun event was planned for the evening . this little kid is helping out with the saw . these kids are learning all about how to make stuff out of wood . a real hands on experience is being given to the children . after the work is done they sit down and listen to the teacher teach them more about how to make stuff out of wood .,  i went to the store for a few hours . the kids were getting ready to make a speech . they had a lot of work to do . we had a lot of fun . it was a great day .,  it was a great day for the football game . this is a picture of a game . it was a great game . the players were very competitive . it was a great game .,[male] slam dunks another one ! later on in the game [male] tries to retain control of the ball . he goes up for anther slam dunk . [male] yells `` nothing but net ! `` . they win the game and continue on to the championship .,  i went to the museum today . there were a lot of people there . the man is taking a picture with his wife . we had a lot of fun playing in the field . the view from the top of the mountain was amazing .,i took a trip with my camper in tow . my kid had a great time . i took some pictures . and then i took even more pictures . then we drove off .,  the market was full of people . there were a lot of people there . this is a picture of a farmer . the market was very nice . it was a lot of fun .,visiting location for the [female] . went to the flower market to see the beautiful flowers . a merchant carrying flowers to sell to interested buyers . about to by a book to learn the cultures . bought different irresistible deserts to try .,this year we took a family vacation to the lake . our vacation home was a scenic home built right on the water ! we spent lots of time down on the lake shore swimming and fishing . we even found the ruins of an old home on the last day we took a canoe trip on the lake ! it was a great vacation .,"  this is a picture of a lake . [male] and [male] decided to take a boat ride on the lake . we had a great time on the water . the water was very calm and the water was very calm . after a long day , we decided to take a break .",72157625179918732,72157626534937894,72157625207407464,72057594061082572,72157629210282443,72157607016527320,1,0,1,1,1,0
http://nlp.cs.ucsb.edu/tmp/test/4390274340.jpg,http://nlp.cs.ucsb.edu/tmp/test/4389506277.jpg,http://nlp.cs.ucsb.edu/tmp/test/4389506231.jpg,http://nlp.cs.ucsb.edu/tmp/test/4389506207.jpg,http://nlp.cs.ucsb.edu/tmp/test/4389506193.jpg,http://nlp.cs.ucsb.edu/tmp/test/535226859.jpg,http://nlp.cs.ucsb.edu/tmp/test/535218539.jpg,http://nlp.cs.ucsb.edu/tmp/test/535115262.jpg,http://nlp.cs.ucsb.edu/tmp/test/535108100.jpg,http://nlp.cs.ucsb.edu/tmp/test/535232919.jpg,http://nlp.cs.ucsb.edu/tmp/test/3646995419.jpg,http://nlp.cs.ucsb.edu/tmp/test/3646998081.jpg,http://nlp.cs.ucsb.edu/tmp/test/3647000819.jpg,http://nlp.cs.ucsb.edu/tmp/test/3647819264.jpg,http://nlp.cs.ucsb.edu/tmp/test/3647840902.jpg,http://nlp.cs.ucsb.edu/tmp/test/4755825187.jpg,http://nlp.cs.ucsb.edu/tmp/test/4755825385.jpg,http://nlp.cs.ucsb.edu/tmp/test/4755825437.jpg,http://nlp.cs.ucsb.edu/tmp/test/4756463922.jpg,http://nlp.cs.ucsb.edu/tmp/test/4756464226.jpg,http://nlp.cs.ucsb.edu/tmp/test/6719052043.jpg,http://nlp.cs.ucsb.edu/tmp/test/6719053253.jpg,http://nlp.cs.ucsb.edu/tmp/test/6719054099.jpg,http://nlp.cs.ucsb.edu/tmp/test/6719055003.jpg,http://nlp.cs.ucsb.edu/tmp/test/6719054447.jpg,http://nlp.cs.ucsb.edu/tmp/test/766263320.jpg,http://nlp.cs.ucsb.edu/tmp/test/765359781.jpg,http://nlp.cs.ucsb.edu/tmp/test/766292776.jpg,http://nlp.cs.ucsb.edu/tmp/test/766228474.jpg,http://nlp.cs.ucsb.edu/tmp/test/765387567.jpg,the chief came to great us . he talked with us for awhile . we got to meet his whole team . another man came to great us . the chief waved to us as he left .,"  we had a great time at the conference . they had a lot of fun talking to each other . the audience was very happy . they had a lot of questions . after a long day , we all had a great time .",  we went to a local park . there was a lot of old buildings in the area . the architecture was amazing . they also saw a lot of beautiful trees . we took a lot of pictures of the park .,[female] leaned against a column and surveyed the yard of her new house . the grounds were immaculately kept . the breezeway provided a much needed respite from the sun . [female] planted beautiful herbs and was able to have them anytime she wanted . she could not have been prouder of her new home .,we all sat down and watched the parade . the color guard waked by . the marching band walked by . the flags waved too . then a classic car came by .,  it was the day of the parade . there were a lot of people there . there were a lot of people there . there were a lot of people there . this car was the best part of the event .,  i had a great time at the party . they had a cake for the party . the cake was amazing . the baby was very happy to see him . i had a great time .,a birthday party for a little girl . gifts friends and family brought to the celebration . two cakes that were made for the birthday party . the birthday girl enjoying her present . the invitation that was sent out inviting everyone to the party .,  i had a great time at the party yesterday . we had a great time at the party . my friends and i had a great time at the party . [male] and [male] are having a good time at the party . we had a great time and had a great time .,"i went to a wedding last night , it was so much fun . i talked and dance with friends all night long . it was such a beautiful ceremony . i 'm so happy for them .",i went to a village . many trees grew there . they were taking over . the village was in ruins . but it was still epic .,  we took a trip to location . the architecture was amazing . there was a lot of interesting things to see . this is a picture of a tree . this is a picture of a building .,72157623513528524,72157600325422018,72157620102507052,72157624409430634,72157628922775473,72157600738834989,0,1,0,1,1,0
http://nlp.cs.ucsb.edu/tmp/test/4634730580.jpg,http://nlp.cs.ucsb.edu/tmp/test/4634738318.jpg,http://nlp.cs.ucsb.edu/tmp/test/4634744278.jpg,http://nlp.cs.ucsb.edu/tmp/test/4634150669.jpg,http://nlp.cs.ucsb.edu/tmp/test/4634153005.jpg,http://nlp.cs.ucsb.edu/tmp/test/9042865770.jpg,http://nlp.cs.ucsb.edu/tmp/test/9040637067.jpg,http://nlp.cs.ucsb.edu/tmp/test/9042864672.jpg,http://nlp.cs.ucsb.edu/tmp/test/9042859820.jpg,http://nlp.cs.ucsb.edu/tmp/test/9042863518.jpg,http://nlp.cs.ucsb.edu/tmp/test/15117799432.jpg,http://nlp.cs.ucsb.edu/tmp/test/15117799462.jpg,http://nlp.cs.ucsb.edu/tmp/test/14931606048.jpg,http://nlp.cs.ucsb.edu/tmp/test/15095180576.jpg,http://nlp.cs.ucsb.edu/tmp/test/14931606288.jpg,http://nlp.cs.ucsb.edu/tmp/test/3653084102.jpg,http://nlp.cs.ucsb.edu/tmp/test/3653088450.jpg,http://nlp.cs.ucsb.edu/tmp/test/3652294045.jpg,http://nlp.cs.ucsb.edu/tmp/test/3652326153.jpg,http://nlp.cs.ucsb.edu/tmp/test/3653126646.jpg,http://nlp.cs.ucsb.edu/tmp/test/114015831.jpg,http://nlp.cs.ucsb.edu/tmp/test/114016147.jpg,http://nlp.cs.ucsb.edu/tmp/test/114016014.jpg,http://nlp.cs.ucsb.edu/tmp/test/114015936.jpg,http://nlp.cs.ucsb.edu/tmp/test/114016072.jpg,http://nlp.cs.ucsb.edu/tmp/test/4605310320.jpg,http://nlp.cs.ucsb.edu/tmp/test/4604695737.jpg,http://nlp.cs.ucsb.edu/tmp/test/4605311050.jpg,http://nlp.cs.ucsb.edu/tmp/test/4604697291.jpg,http://nlp.cs.ucsb.edu/tmp/test/4605313062.jpg,  i went to the local convention last week . some of the performers were very talented . there were a lot of people there . there were a lot of people there . it was a great time .,went to location over the weekend . met actress [female] [male] . met the [male] krueger guy . my buddy 's costume . best costume of the convention .,the alcohol looked very good and a board was saying it is free for father 's day . the deals were good to honor all the father 's on that day .,  i went to the local museum . this is a picture of a sign . it was a lot of fun . we had a great time there . i had a great time there .,  i went to the beach last weekend . there were a lot of people there . there were a lot of people there . there were a lot of interesting things to see . we had a lot of fun .,there were plenty of people at the festival last night . i had a great time watching the performers . there were so many of them . they all came by walking or on floats . we had a lot of brochures .,  i woke up early in the morning and decided to take a nap . we had a great time at the beach . we went to the restaurant to get a bite to eat . they were so excited to be in the sky . [male] and [male] are having a great time at the party .,we packed for the trip that we were taking . we had to take the car for a long period of time . we saw a low rider truck along the way . we boarded our plan and flew to our final destination . we spent a few nights at the hotel .,  the crowd gathered for the concert . we had a great time at the party . there were a lot of people there . this is a picture of a man . it was a great night and everyone had a great time .,it was a big national holiday . people were ready for san-patrick day . even a performing band was in green colors . people who did n't wear green that day deserved black and white photos . it was enormous crowd .,  the cake was set up and ready for the party . the bride and groom were so happy to be married . the bride and groom were so happy to be married . this is a picture of a cake . the bride and groom pose for a picture .,this was the wedding cake at my friend 's wedding . they had premade napkins . there was a lot of family and friends at the wedding . they had cute decorations . here is the bride smiling happily .,72157623999649361,72157634119717615,72157646733993369,72157620318549638,72057594084559688,72157623931497939,1,0,1,1,1,1
http://nlp.cs.ucsb.edu/tmp/test/10840947816.jpg,http://nlp.cs.ucsb.edu/tmp/test/10841280853.jpg,http://nlp.cs.ucsb.edu/tmp/test/10841471763.jpg,http://nlp.cs.ucsb.edu/tmp/test/10841249735.jpg,http://nlp.cs.ucsb.edu/tmp/test/10841729963.jpg,http://nlp.cs.ucsb.edu/tmp/test/55122358.jpg,http://nlp.cs.ucsb.edu/tmp/test/55122667.jpg,http://nlp.cs.ucsb.edu/tmp/test/55122370.jpg,http://nlp.cs.ucsb.edu/tmp/test/55122610.jpg,http://nlp.cs.ucsb.edu/tmp/test/55122639.jpg,http://nlp.cs.ucsb.edu/tmp/test/4326096875.jpg,http://nlp.cs.ucsb.edu/tmp/test/4326097133.jpg,http://nlp.cs.ucsb.edu/tmp/test/4326833754.jpg,http://nlp.cs.ucsb.edu/tmp/test/4326097901.jpg,http://nlp.cs.ucsb.edu/tmp/test/4326835286.jpg,http://nlp.cs.ucsb.edu/tmp/test/4286089190.jpg,http://nlp.cs.ucsb.edu/tmp/test/4286089558.jpg,http://nlp.cs.ucsb.edu/tmp/test/4285350041.jpg,http://nlp.cs.ucsb.edu/tmp/test/4285343655.jpg,http://nlp.cs.ucsb.edu/tmp/test/4285350837.jpg,http://nlp.cs.ucsb.edu/tmp/test/5964210041.jpg,http://nlp.cs.ucsb.edu/tmp/test/5964767700.jpg,http://nlp.cs.ucsb.edu/tmp/test/5964768114.jpg,http://nlp.cs.ucsb.edu/tmp/test/5964768424.jpg,http://nlp.cs.ucsb.edu/tmp/test/5964211573.jpg,http://nlp.cs.ucsb.edu/tmp/test/16326641792.jpg,http://nlp.cs.ucsb.edu/tmp/test/16327542235.jpg,http://nlp.cs.ucsb.edu/tmp/test/16140156360.jpg,http://nlp.cs.ucsb.edu/tmp/test/16140010998.jpg,http://nlp.cs.ucsb.edu/tmp/test/15705142164.jpg,  [male] and [female] were having a great time at the party . we had a lot of food and drinks . i 'm not sure what this is . i 'm not sure what it is . they had a lot of fun hanging out . everyone had a great time .,the halloween party last night was a lot of fun . there were a lot of cupcakes for everybody . the music was very loud . a lot of people enjoyed the cupcakes . afterward we were all very tired from dancing and partying .,  we went to the city to see the fireworks . there were so many different colors . this is a picture of the sky . the grand finale was amazing . the finale was the best part of the show .,"the fireworks where awesome . the started out simple . but built throughout the night . they got a bit crazy . then , the grand finally blew us away .","  today we went to a conference . there were a lot of people there . there was a lot of people there . after the ceremony , the speakers were given to the podium . they were all happy to see each other .",the organization organization organization organization organization has a lot to decide today . mr. whithers is pushing to get a lot changed for the better . it 's hard to say just who is on his side this day . the eyes of the community are on them as deliberate . it will be hard to convince his colleagues of these changes .,we started today with story time . our teacher showed us the pictures in the book while she read to us . we love story time so i always look to get a good spot around the table and close to the book . after story time the assistant teacher started a new lesson with us . it was n't quite as fun as story time .,"  the students were excited for the first day of school . the kids were very excited to see each other . some of the kids had a great time . the kids were happy to see each other . at the end of the day , we all had a great time .","the clock tower was in desperate need of repair . the scaffolding was the first step . everything needed to be properly braced . it was slow and difficult work . everything had to be done very carefully . this part required two people to lift the clock face . there we go , almost set now .","  i went on a tour of the city today . we saw a lot of people there . this is a picture of a building . we took a tour of the city . after a long day , we went back to the hotel to see what was going on .",  i went to the parade yesterday . the people were walking down the street . there were a lot of people there . some of the people were very happy . it was a lot of fun .,local business owners took a break to watch the demonstrators march by . they carried signs . they brought their children . they marched past a church . one person rode his bike instead of walking .,72157637638220793,1194349,72157623213948893,72157623112779761,72157627256006852,72157650387632771,1,1,1,0,0,1
