im1_1,im1_2,im1_3,im1_4,im1_5,im2_1,im2_2,im2_3,im2_4,im2_5,im3_1,im3_2,im3_3,im3_4,im3_5,im4_1,im4_2,im4_3,im4_4,im4_5,im5_1,im5_2,im5_3,im5_4,im5_5,im6_1,im6_2,im6_3,im6_4,im6_5,q1_a,q1_b,q2_a,q2_b,q3_a,q3_b,q4_a,q4_b,q5_a,q5_b,q6_a,q6_b,album1,album2,album3,album4,album5,album6,base1,base2,base3,base4,base5,base6
http://nlp.cs.ucsb.edu/tmp/test/6999554500.jpg,http://nlp.cs.ucsb.edu/tmp/test/7145639791.jpg,http://nlp.cs.ucsb.edu/tmp/test/7145640279.jpg,http://nlp.cs.ucsb.edu/tmp/test/6999554354.jpg,http://nlp.cs.ucsb.edu/tmp/test/6999553640.jpg,http://nlp.cs.ucsb.edu/tmp/test/347377939.jpg,http://nlp.cs.ucsb.edu/tmp/test/347372883.jpg,http://nlp.cs.ucsb.edu/tmp/test/347377942.jpg,http://nlp.cs.ucsb.edu/tmp/test/347377943.jpg,http://nlp.cs.ucsb.edu/tmp/test/347377946.jpg,http://nlp.cs.ucsb.edu/tmp/test/5705008408.jpg,http://nlp.cs.ucsb.edu/tmp/test/5705009668.jpg,http://nlp.cs.ucsb.edu/tmp/test/5705011236.jpg,http://nlp.cs.ucsb.edu/tmp/test/5704448107.jpg,http://nlp.cs.ucsb.edu/tmp/test/5713707815.jpg,http://nlp.cs.ucsb.edu/tmp/test/142408540.jpg,http://nlp.cs.ucsb.edu/tmp/test/142409086.jpg,http://nlp.cs.ucsb.edu/tmp/test/142408647.jpg,http://nlp.cs.ucsb.edu/tmp/test/142409602.jpg,http://nlp.cs.ucsb.edu/tmp/test/142409200.jpg,http://nlp.cs.ucsb.edu/tmp/test/10125871905.jpg,http://nlp.cs.ucsb.edu/tmp/test/10125853125.jpg,http://nlp.cs.ucsb.edu/tmp/test/10125983463.jpg,http://nlp.cs.ucsb.edu/tmp/test/10125979553.jpg,http://nlp.cs.ucsb.edu/tmp/test/10125833745.jpg,http://nlp.cs.ucsb.edu/tmp/test/36200502.jpg,http://nlp.cs.ucsb.edu/tmp/test/36207725.jpg,http://nlp.cs.ucsb.edu/tmp/test/36205416.jpg,http://nlp.cs.ucsb.edu/tmp/test/36207240.jpg,http://nlp.cs.ucsb.edu/tmp/test/36202545.jpg,"  today was the day of the graduation ceremony . there were a lot of people there . the students were very excited to graduate . the dean gave a speech to the graduates . after the ceremony , the family and friends gathered for a picture .",  the graduation ceremony was held in the auditorium . there were a lot of people there . i was so proud of me . the dean of the school gave a speech to the graduates . everyone was so happy to be married .,  we had a lot of food at the party . the meat was delicious . we had a lot of food . the food was delicious . i 'm not sure what this is . i 'm not sure what it is .,  the food was delicious . the meat is cooked and ready to be cooked . this is a picture of a dish . i bought a lot of vegetables . we ended the day with a delicious dessert .,  i went to the museum today . they had a lot of information on the wall . there was a lot of information on the wall . there was a lot of information on the wall . some of the students had a great time .,"  i went to the museum today . but also , they had a lot of information on their products . i had a great time . there was a lot of information on the wall . some of the pictures were taken .",  it was a great day for a baseball game . we had a great time at the game . the coach was very excited to be at the game . the crowd was very close . it was a great game .,  i went to the game last weekend . we had a great time there . the players were very excited . the crowd was very excited . it was a great game .,  i went to the church last week . she had a lot of history . there were a lot of interesting things to see . the inside of the church was beautiful . this is the church where we stayed at the church .,  i went to the church yesterday . they had a lot of interesting things to see . it was a lot of fun . the inside of the church was amazing . this is a picture of a church .,  the town was beautiful in the distance . there was a lot of water there . the trail was very long and narrow . there was a bridge that was built in the distance . we had a great time .,  this is a picture of a tree . the scenery was beautiful . the view from the top of the bridge was beautiful . this is a picture of a bridge . the buildings were very old .,72157629972234013,72157594462307386,72157626713239724,72057594128484139,72157636264697316,800359,0,0,0,1,1,1
http://nlp.cs.ucsb.edu/tmp/test/6739429279.jpg,http://nlp.cs.ucsb.edu/tmp/test/6739443471.jpg,http://nlp.cs.ucsb.edu/tmp/test/6739431151.jpg,http://nlp.cs.ucsb.edu/tmp/test/6739438181.jpg,http://nlp.cs.ucsb.edu/tmp/test/6739440413.jpg,http://nlp.cs.ucsb.edu/tmp/test/4352295447.jpg,http://nlp.cs.ucsb.edu/tmp/test/4352298821.jpg,http://nlp.cs.ucsb.edu/tmp/test/4353046216.jpg,http://nlp.cs.ucsb.edu/tmp/test/4353047436.jpg,http://nlp.cs.ucsb.edu/tmp/test/4352293863.jpg,http://nlp.cs.ucsb.edu/tmp/test/4283249791.jpg,http://nlp.cs.ucsb.edu/tmp/test/4283993292.jpg,http://nlp.cs.ucsb.edu/tmp/test/4283995394.jpg,http://nlp.cs.ucsb.edu/tmp/test/4283996784.jpg,http://nlp.cs.ucsb.edu/tmp/test/4283255261.jpg,http://nlp.cs.ucsb.edu/tmp/test/451560498.jpg,http://nlp.cs.ucsb.edu/tmp/test/451537633.jpg,http://nlp.cs.ucsb.edu/tmp/test/451522124.jpg,http://nlp.cs.ucsb.edu/tmp/test/451502114.jpg,http://nlp.cs.ucsb.edu/tmp/test/451513506.jpg,http://nlp.cs.ucsb.edu/tmp/test/1428261043.jpg,http://nlp.cs.ucsb.edu/tmp/test/1702842977.jpg,http://nlp.cs.ucsb.edu/tmp/test/1703715428.jpg,http://nlp.cs.ucsb.edu/tmp/test/1703734026.jpg,http://nlp.cs.ucsb.edu/tmp/test/1702899529.jpg,http://nlp.cs.ucsb.edu/tmp/test/2251124588.jpg,http://nlp.cs.ucsb.edu/tmp/test/2250328985.jpg,http://nlp.cs.ucsb.edu/tmp/test/2250331641.jpg,http://nlp.cs.ucsb.edu/tmp/test/2250335015.jpg,http://nlp.cs.ucsb.edu/tmp/test/2250336943.jpg,  it was a nice day for a bike ride . it was a nice day for a walk . there were a lot of people there . this is a picture of a man . then we went to the bottom of the mountain .,  i went to the market last week . it was a nice day to take a walk down the road . there was a lot of damage on the road . we had a great time there . then i went back home .,"  today was the day . after the meeting , we had a lot of questions from the audience . the man is giving a speech . they were all happy to see each other . it was a great day .",  [male] was the first to arrive at the conference . the ceo of the company gave a speech to the audience . the man is giving a speech to the audience . the men were very happy to be there . it was a great time .,"  we had a great time at the restaurant . we had a lot of food to eat . the food was delicious . the main course was very tasty . after the meal , we all went out to eat .","  there was a lot of food at the party . we had to make sure we were ready to go . the salad was delicious . i had a great time . after a long day , we all went to the bar to eat .",  we had a lot of food at the party . the food was delicious . then he poured some wine . i think i 'll be able to make sure it was delicious . we had a great meal .,  we had a lot of food at the restaurant . the chicken was ready to be served . then we had a few beers . the salad was delicious . we had a great time .,  this is a picture of a waterfall . there were a lot of interesting things to see . this is a picture of a waterfall . this is a picture of a tree . this is a picture of a lake .,  we went on a hike in the woods . we saw a lot of interesting things . there were a lot of interesting plants there . we saw a lot of interesting things to see . the pond was a great place to visit the lake .,  the city was very beautiful . the statue of [female] and [male] of the location is very beautiful . the architecture was amazing . the scenery was beautiful and we had a great time . there were many people there .,  i went to the city today . the statue of the building was very impressive . the architecture was amazing . there was a lot of people there . this is a picture of a sign .,72157628974721157,72157623424455540,72157623107791583,72157600057236853,72157602649605030,72157603870972242,0,0,0,0,0,1
http://nlp.cs.ucsb.edu/tmp/test/16319689465.jpg,http://nlp.cs.ucsb.edu/tmp/test/16319100992.jpg,http://nlp.cs.ucsb.edu/tmp/test/16318116881.jpg,http://nlp.cs.ucsb.edu/tmp/test/16319936785.jpg,http://nlp.cs.ucsb.edu/tmp/test/16134084747.jpg,http://nlp.cs.ucsb.edu/tmp/test/6392828155.jpg,http://nlp.cs.ucsb.edu/tmp/test/6392866607.jpg,http://nlp.cs.ucsb.edu/tmp/test/6392871319.jpg,http://nlp.cs.ucsb.edu/tmp/test/6392879089.jpg,http://nlp.cs.ucsb.edu/tmp/test/6392888245.jpg,http://nlp.cs.ucsb.edu/tmp/test/4416927966.jpg,http://nlp.cs.ucsb.edu/tmp/test/4415774417.jpg,http://nlp.cs.ucsb.edu/tmp/test/4416546004.jpg,http://nlp.cs.ucsb.edu/tmp/test/4416958160.jpg,http://nlp.cs.ucsb.edu/tmp/test/4416252043.jpg,http://nlp.cs.ucsb.edu/tmp/test/5690117559.jpg,http://nlp.cs.ucsb.edu/tmp/test/5690117677.jpg,http://nlp.cs.ucsb.edu/tmp/test/5690693648.jpg,http://nlp.cs.ucsb.edu/tmp/test/5690117903.jpg,http://nlp.cs.ucsb.edu/tmp/test/5690117801.jpg,http://nlp.cs.ucsb.edu/tmp/test/4946383863.jpg,http://nlp.cs.ucsb.edu/tmp/test/4946970520.jpg,http://nlp.cs.ucsb.edu/tmp/test/4946970348.jpg,http://nlp.cs.ucsb.edu/tmp/test/4946383447.jpg,http://nlp.cs.ucsb.edu/tmp/test/4946971088.jpg,http://nlp.cs.ucsb.edu/tmp/test/6828585179.jpg,http://nlp.cs.ucsb.edu/tmp/test/6828584795.jpg,http://nlp.cs.ucsb.edu/tmp/test/6828584731.jpg,http://nlp.cs.ucsb.edu/tmp/test/6828584669.jpg,http://nlp.cs.ucsb.edu/tmp/test/6828585367.jpg,  today was the day . there was a lot of good speakers . she was very happy to be there . the audience listened intently to the audience . this is a picture of a group .,  today was the day . there were a lot of people there . i had a great time . they were all very happy to see each other . this is a picture of a group .,  we went to the amusement park today . there was even a ride on the ferris wheel . we got to see a lot of cool things . we all had a great time and had a great time . he even got a picture of a woman in a chair .,  we went to the amusement park today . there were a lot of people there . there were a lot of people there . we had a great time . we went to the park to eat .,  this is a picture of a house . we took a walk through the park . this is a picture of a building . this is a picture of a building . it was a beautiful day for the family .,  this is the house we stayed at . we took a walk down the street to see the scenery . this is the church where we stayed in . the entrance to the church was very interesting . it was a great time for the family .,  the group of people gathered for a gathering . a lot of people came to see the event . the men were getting ready to play . the kids were getting ready for the party . this man was very happy to be there .,  a group of people gathered for a picnic . everyone was having a great time . the guys were ready to play . the kids were having a great time . i had a great time there .,  we went to a baseball game today . we got to see the bus . the man was very happy to see him . [male] and [male] were happy to be at the end of the day . the man was very happy to be at the event .,  today was the day . the train was going on . this is a picture of a man . [male] and [male] were happy to see each other . he was very proud of his accomplishments .,  we went to a pumpkin carving contest . the pumpkin was carved and ready to be carved . this is a picture of a pumpkin . we had a lot of fun at the party . it was a great time and i ca n't wait to go home .,  i went to the halloween party last night . we had a lot of fun at the party . we also had a pumpkin carving contest . there were a lot of people there . it was a great time and i ca n't wait to go back .,72157650366560532,72157628033104348,72157623578109828,72157626529005069,72157625207413126,72157629197277031,1,1,0,1,1,1
http://nlp.cs.ucsb.edu/tmp/test/6404342.jpg,http://nlp.cs.ucsb.edu/tmp/test/6404337.jpg,http://nlp.cs.ucsb.edu/tmp/test/6404410.jpg,http://nlp.cs.ucsb.edu/tmp/test/6404452.jpg,http://nlp.cs.ucsb.edu/tmp/test/6404384.jpg,http://nlp.cs.ucsb.edu/tmp/test/4298001041.jpg,http://nlp.cs.ucsb.edu/tmp/test/4298004731.jpg,http://nlp.cs.ucsb.edu/tmp/test/4298773190.jpg,http://nlp.cs.ucsb.edu/tmp/test/4298038691.jpg,http://nlp.cs.ucsb.edu/tmp/test/4298797028.jpg,http://nlp.cs.ucsb.edu/tmp/test/294148678.jpg,http://nlp.cs.ucsb.edu/tmp/test/294149517.jpg,http://nlp.cs.ucsb.edu/tmp/test/294151161.jpg,http://nlp.cs.ucsb.edu/tmp/test/294151585.jpg,http://nlp.cs.ucsb.edu/tmp/test/294152386.jpg,http://nlp.cs.ucsb.edu/tmp/test/6796325717.jpg,http://nlp.cs.ucsb.edu/tmp/test/6796330057.jpg,http://nlp.cs.ucsb.edu/tmp/test/6796333301.jpg,http://nlp.cs.ucsb.edu/tmp/test/6796336623.jpg,http://nlp.cs.ucsb.edu/tmp/test/6796340595.jpg,http://nlp.cs.ucsb.edu/tmp/test/3541355238.jpg,http://nlp.cs.ucsb.edu/tmp/test/3541356300.jpg,http://nlp.cs.ucsb.edu/tmp/test/3540546869.jpg,http://nlp.cs.ucsb.edu/tmp/test/3540551759.jpg,http://nlp.cs.ucsb.edu/tmp/test/3541360416.jpg,http://nlp.cs.ucsb.edu/tmp/test/2253573.jpg,http://nlp.cs.ucsb.edu/tmp/test/2253553.jpg,http://nlp.cs.ucsb.edu/tmp/test/2253485.jpg,http://nlp.cs.ucsb.edu/tmp/test/2253482.jpg,http://nlp.cs.ucsb.edu/tmp/test/2253508.jpg,  the man is working on his computer . i had to use my computer . there was a lot of work to do . it was a great place to sit and relax . [male] and [male] getting ready for the first time in the new year .,  i went to the office yesterday . he had to make sure that the computer was going to be done . i had a great time . this is a picture of a building . i 'm not sure what this is .,  we went on a tour of the city . the sun was setting and the sun was setting . we went to the city to see the city . the sun was setting and the sun was setting . it was a beautiful day for the night .,"  it was the day of the city and it was time to go home . at the end of the day , we were able to take a picture of the clock tower in the distance . we walked around the city to see the city . the lights of the buildings were beautiful . it was a great time for the family .",  we went to the house for the weekend . [male] and [male] decided to go to the park to get some food . i had a great time at the museum . the fountain was very beautiful . this is a picture of a snake .,  i went to the farm last weekend . it 's a nice day to go to the park . he had a lot of fun on the wall . the fountain was a little creepy . this is a picture of a bird .,  [female] and [female] were having a great time at the party . the girls were very happy to be there . the girls dressed up for the occasion . [female] and [male] were so happy to be in the party . they had a great time at the party .,  [female] and [female] were having a great time at the party . [female] and [female] were having a great time . some of the costumes were very scary . the girl was very happy to be there . we had a great time at the party .,  today was the day of the graduation ceremony . i had a great time there . we were so excited to be there . all of the students were very proud . it was a very important day .,  today was the day of the graduation ceremony . there were so many people there . they were very excited to be there . the students were very proud of their accomplishments . it was a great day for the family .,  the crowd gathered for the event . there were a lot of people there . there were a lot of people there . a lot of people showed up for the event . we had a great time there .,  we were in the city today to watch a show . there were a lot of people there . they were all dressed up . they had a lot of people at the event . the people in the city were looking at all of the sights .,159883,72157623144843189,72157594369842318,72157629123437977,72157622470704661,56858,1,0,0,1,1,0
http://nlp.cs.ucsb.edu/tmp/test/171285717.jpg,http://nlp.cs.ucsb.edu/tmp/test/171285357.jpg,http://nlp.cs.ucsb.edu/tmp/test/171285417.jpg,http://nlp.cs.ucsb.edu/tmp/test/171285930.jpg,http://nlp.cs.ucsb.edu/tmp/test/171285527.jpg,http://nlp.cs.ucsb.edu/tmp/test/3964134873.jpg,http://nlp.cs.ucsb.edu/tmp/test/3964895608.jpg,http://nlp.cs.ucsb.edu/tmp/test/3964130459.jpg,http://nlp.cs.ucsb.edu/tmp/test/3964894964.jpg,http://nlp.cs.ucsb.edu/tmp/test/3964914240.jpg,http://nlp.cs.ucsb.edu/tmp/test/425113508.jpg,http://nlp.cs.ucsb.edu/tmp/test/425114749.jpg,http://nlp.cs.ucsb.edu/tmp/test/425113948.jpg,http://nlp.cs.ucsb.edu/tmp/test/425116098.jpg,http://nlp.cs.ucsb.edu/tmp/test/425114521.jpg,http://nlp.cs.ucsb.edu/tmp/test/3686899823.jpg,http://nlp.cs.ucsb.edu/tmp/test/3686900307.jpg,http://nlp.cs.ucsb.edu/tmp/test/3686900831.jpg,http://nlp.cs.ucsb.edu/tmp/test/3687702922.jpg,http://nlp.cs.ucsb.edu/tmp/test/3687703662.jpg,http://nlp.cs.ucsb.edu/tmp/test/34042338.jpg,http://nlp.cs.ucsb.edu/tmp/test/34041934.jpg,http://nlp.cs.ucsb.edu/tmp/test/34042144.jpg,http://nlp.cs.ucsb.edu/tmp/test/34041643.jpg,http://nlp.cs.ucsb.edu/tmp/test/34041333.jpg,http://nlp.cs.ucsb.edu/tmp/test/7298593624.jpg,http://nlp.cs.ucsb.edu/tmp/test/7298574134.jpg,http://nlp.cs.ucsb.edu/tmp/test/7298581320.jpg,http://nlp.cs.ucsb.edu/tmp/test/7298599220.jpg,http://nlp.cs.ucsb.edu/tmp/test/7298601850.jpg,  we had a family reunion . the family gathered around the table . we had a lot of food . the kids were so excited to see each other . the baby was very happy to see him .,  the family gathered for a picnic . we had a great dinner . the food was delicious . everyone had a great time . the baby was very happy to see him .,  the baby was very excited to see his son . they had a lot of fun playing with the games . he was very happy to see him . they had a lot of fun playing . the food was delicious .,  [female] was so excited to be at the party . the kids were having a great time . he was so happy to see him . the kids played with the kids . the end of the meal was the best part of the night .,  we went on a trip to the mountains . we went on a hike . we found a lot of interesting things to see . the view from the top of the mountain was beautiful . we had a great time there .,  the group of friends decided to take a trip to the mountains . the first day we went to the park was a lot of fun . we found a lot of interesting things to see . the view from the top of the mountain was beautiful . we had a great time .,  it was the fourth of july . there were a lot of people there . there was a crowd of people watching the fireworks . the fireworks were beautiful . the finale was spectacular .,  it was a beautiful day for the fireworks show . there were a lot of people there . there was a lot of people there . the fireworks were amazing . the finale was amazing .,  today we are getting ready to have a family reunion . we had a great time . the kids were having a great time . we had a cake to celebrate . [male] was so happy to be able to blow out the candles on his birthday cake .,  today we are getting ready for the birthday party . we had a great time at the party . the food was great and we had a great time . we made a cake for the birthday cake . the birthday boy is having a great time .,  a group of friends decided to go out for a night of fun . [male] and [male] were having a good time . the canoe ride was fun to watch . the pool was a lot of fun . we had a great time and had a great time .,  a group of friends got together for a party . we had a lot of fun . the water was very calm . we had a lot of fun playing with each other . we had a great time and had a great time .,72157594171854007,72157622352867975,72157600006405360,72157620811678257,754408,72157629960452550,1,0,0,1,1,1
http://nlp.cs.ucsb.edu/tmp/test/6026552536.jpg,http://nlp.cs.ucsb.edu/tmp/test/6026010213.jpg,http://nlp.cs.ucsb.edu/tmp/test/6026560598.jpg,http://nlp.cs.ucsb.edu/tmp/test/6026013697.jpg,http://nlp.cs.ucsb.edu/tmp/test/6026569312.jpg,http://nlp.cs.ucsb.edu/tmp/test/3211625310.jpg,http://nlp.cs.ucsb.edu/tmp/test/3211625046.jpg,http://nlp.cs.ucsb.edu/tmp/test/3210778831.jpg,http://nlp.cs.ucsb.edu/tmp/test/3211624280.jpg,http://nlp.cs.ucsb.edu/tmp/test/3210778555.jpg,http://nlp.cs.ucsb.edu/tmp/test/141441379.jpg,http://nlp.cs.ucsb.edu/tmp/test/141520602.jpg,http://nlp.cs.ucsb.edu/tmp/test/141602195.jpg,http://nlp.cs.ucsb.edu/tmp/test/141619407.jpg,http://nlp.cs.ucsb.edu/tmp/test/142376206.jpg,http://nlp.cs.ucsb.edu/tmp/test/6994225967.jpg,http://nlp.cs.ucsb.edu/tmp/test/6847944168.jpg,http://nlp.cs.ucsb.edu/tmp/test/6847944186.jpg,http://nlp.cs.ucsb.edu/tmp/test/6994151295.jpg,http://nlp.cs.ucsb.edu/tmp/test/6847734946.jpg,http://nlp.cs.ucsb.edu/tmp/test/15973438307.jpg,http://nlp.cs.ucsb.edu/tmp/test/15981616459.jpg,http://nlp.cs.ucsb.edu/tmp/test/16167672505.jpg,http://nlp.cs.ucsb.edu/tmp/test/16013163709.jpg,http://nlp.cs.ucsb.edu/tmp/test/16167408922.jpg,http://nlp.cs.ucsb.edu/tmp/test/6211041978.jpg,http://nlp.cs.ucsb.edu/tmp/test/6259916257.jpg,http://nlp.cs.ucsb.edu/tmp/test/6230757072.jpg,http://nlp.cs.ucsb.edu/tmp/test/6230761860.jpg,http://nlp.cs.ucsb.edu/tmp/test/6230240911.jpg,  the speaker was very excited to be there . the students were very excited to be there . the whole family was there to celebrate . the game was a success and everyone had a great time . the event was a success and everyone had a great time .,"  the woman is giving a speech to the audience . a group of people show their support for the event . they were all very happy to be there . they played a lot of games and played a lot of games . at the end of the day , the kids all got together for a group photo .",  i had a great time at the grill today . we had a lot of fun . we had a lot of food to choose from . we had a lot of fun . the family took a picture together .,  the family decided to go on a camping trip . they had a lot of work to do . we had to make sure everything was ready for the day . they had a lot of food to eat . we all took a picture in front of the tree .,"  today was the day of the big game . we all got together for a group photo . the kids had a great time . he was very excited to be in the race . after the game , we all had a great time .","  the man is getting ready for the game . the game was a lot of fun . the game was a lot of fun . the game was a success . after the game , we all went to the bowling alley .","  the bikers were ready for the race . the two riders were neck and neck on the bike . some of the racers were neck and neck . the winner of the race is the best part of the race . the winner of the race , the winner of the race .",  the bikers were ready for the race . the bikers were neck and neck . this is a picture of a man . this is a picture of the race . the winner of the race was the winner of the race .,  the family got together for a birthday party . the family is having a great time at the party . there was plenty of food for everyone to enjoy . we had a lot of fun . we had a great time and had a great time .,  it was time for the party to start . we had a lot of food to eat . the food was delicious . everyone had a great time . everyone had a great time and had a great time .,  i had a great time at the conference yesterday . they had a lot of people there . a few of the people in the audience had a great time . he was very happy to see him . i had a great time there .,  i had a great time at the conference yesterday . we had a great time there . the men are having a good time . the man was very happy to see him . i had a great time there .,72157627270728793,72157612720327475,72057594127107722,72157629613256003,72157649648811240,72157627815812442,0,0,1,1,1,1
http://nlp.cs.ucsb.edu/tmp/test/4267437526.jpg,http://nlp.cs.ucsb.edu/tmp/test/4267438628.jpg,http://nlp.cs.ucsb.edu/tmp/test/4266688917.jpg,http://nlp.cs.ucsb.edu/tmp/test/4267436018.jpg,http://nlp.cs.ucsb.edu/tmp/test/4267436988.jpg,http://nlp.cs.ucsb.edu/tmp/test/7003624908.jpg,http://nlp.cs.ucsb.edu/tmp/test/7149706007.jpg,http://nlp.cs.ucsb.edu/tmp/test/7003595454.jpg,http://nlp.cs.ucsb.edu/tmp/test/7149675811.jpg,http://nlp.cs.ucsb.edu/tmp/test/7149625163.jpg,http://nlp.cs.ucsb.edu/tmp/test/67417994.jpg,http://nlp.cs.ucsb.edu/tmp/test/67418164.jpg,http://nlp.cs.ucsb.edu/tmp/test/67418612.jpg,http://nlp.cs.ucsb.edu/tmp/test/67419798.jpg,http://nlp.cs.ucsb.edu/tmp/test/67419871.jpg,http://nlp.cs.ucsb.edu/tmp/test/2275641858.jpg,http://nlp.cs.ucsb.edu/tmp/test/2275613346.jpg,http://nlp.cs.ucsb.edu/tmp/test/2275610950.jpg,http://nlp.cs.ucsb.edu/tmp/test/2273611713.jpg,http://nlp.cs.ucsb.edu/tmp/test/2273578277.jpg,http://nlp.cs.ucsb.edu/tmp/test/5670707024.jpg,http://nlp.cs.ucsb.edu/tmp/test/5670140889.jpg,http://nlp.cs.ucsb.edu/tmp/test/5670142941.jpg,http://nlp.cs.ucsb.edu/tmp/test/5670144093.jpg,http://nlp.cs.ucsb.edu/tmp/test/5670146529.jpg,http://nlp.cs.ucsb.edu/tmp/test/4243158865.jpg,http://nlp.cs.ucsb.edu/tmp/test/4243159607.jpg,http://nlp.cs.ucsb.edu/tmp/test/4243159809.jpg,http://nlp.cs.ucsb.edu/tmp/test/4243933732.jpg,http://nlp.cs.ucsb.edu/tmp/test/4243934520.jpg,"  i went to the conference yesterday . the speaker gave a speech to the audience . they had a lot of questions from the audience . the students were very happy to see each other . after the ceremony , everyone gathered for a group photo .","  i went to the meeting last week . we had a lot of people at the conference . everyone was having a great time . the students were very excited . after the meeting , they all gathered around the room to watch the presentation .",  [male] and [female] went to the pool for the day . the baby was very happy to see him . [female] and [female] are having a good time at the party . the kids had a great time playing in the water . the kids were so excited to see the kids .,  [male] and [male] went to the pool . the baby was very happy to see him . [female] and [female] are having a great time at the party . the kids had a great time playing in the pool . the kids had a great time at the park .,"  the food was delicious . the chef is preparing the food for the party . we had a lot of fun . the food was delicious . after dinner , we all sat down to enjoy the cake .",  i made a lot of food for the party . the chef is preparing the food . we all had a great time . the food was delicious . the party was a success and everyone had a great time .,  we went on a road trip to location . i could n't believe how much i love this place . we found a lighthouse that was still in the shape of a building . here is a picture of the rocks . the rocks were the best part of the trip .,  we went on a road trip to location . i had a great time . it was a nice day to go to the beach . we found a cave . the view from the top was amazing .,  i had a great time at the conference yesterday . they had a lot of people there . he was very happy to see him . i had a great time there . they had a lot of fun .,"  i went to the meeting last week . she was very happy to be there . they were all very happy to be there . i had a great time . at the end of the performance , the speaker was very happy .",  i went on vacation last weekend . i had a great time there . it was very interesting . the rock formations were amazing . i could n't resist taking a picture of this tree .,  i went to the woods today . i had a great time there . the waterfall was beautiful and beautiful . this is a picture of a tree . we also saw a lot of interesting plants .,72157623192175390,72157629616247290,1455232,72157603934726675,72157626609658836,72157623134784128,0,1,0,1,0,1
http://nlp.cs.ucsb.edu/tmp/test/4389398247.jpg,http://nlp.cs.ucsb.edu/tmp/test/4390166096.jpg,http://nlp.cs.ucsb.edu/tmp/test/4390166124.jpg,http://nlp.cs.ucsb.edu/tmp/test/4390165984.jpg,http://nlp.cs.ucsb.edu/tmp/test/4390165968.jpg,http://nlp.cs.ucsb.edu/tmp/test/4289349570.jpg,http://nlp.cs.ucsb.edu/tmp/test/4288603769.jpg,http://nlp.cs.ucsb.edu/tmp/test/4288603327.jpg,http://nlp.cs.ucsb.edu/tmp/test/4288602995.jpg,http://nlp.cs.ucsb.edu/tmp/test/4289341058.jpg,http://nlp.cs.ucsb.edu/tmp/test/4313917504.jpg,http://nlp.cs.ucsb.edu/tmp/test/4313182211.jpg,http://nlp.cs.ucsb.edu/tmp/test/4313919778.jpg,http://nlp.cs.ucsb.edu/tmp/test/4313184613.jpg,http://nlp.cs.ucsb.edu/tmp/test/4313920688.jpg,http://nlp.cs.ucsb.edu/tmp/test/4723641013.jpg,http://nlp.cs.ucsb.edu/tmp/test/4724294030.jpg,http://nlp.cs.ucsb.edu/tmp/test/4724295240.jpg,http://nlp.cs.ucsb.edu/tmp/test/4724297530.jpg,http://nlp.cs.ucsb.edu/tmp/test/4723646825.jpg,http://nlp.cs.ucsb.edu/tmp/test/4875156300.jpg,http://nlp.cs.ucsb.edu/tmp/test/4875159858.jpg,http://nlp.cs.ucsb.edu/tmp/test/4874553379.jpg,http://nlp.cs.ucsb.edu/tmp/test/4874557065.jpg,http://nlp.cs.ucsb.edu/tmp/test/4874562481.jpg,http://nlp.cs.ucsb.edu/tmp/test/82713049.jpg,http://nlp.cs.ucsb.edu/tmp/test/82713055.jpg,http://nlp.cs.ucsb.edu/tmp/test/82714080.jpg,http://nlp.cs.ucsb.edu/tmp/test/82714772.jpg,http://nlp.cs.ucsb.edu/tmp/test/82715890.jpg,  we all went to the meeting last week . there were a lot of people there . the speaker was very informative . the entire group was very happy to be there . he was a great speaker .,"  today was the day of the meeting . they had a lot of questions from the audience . he gave a speech to the audience . we had a great time . after the presentation , the speakers were given to the audience .","  the family took a trip to the mountains . there were a lot of interesting plants there . we had a great time . he had a great time at the park . as the sun went down , we watched the sunset .","  the family decided to take a trip to the countryside . there were so many different kinds of things to see . the family decided to go on a hike . i had a great time . at the end of the day , we were able to take a picture of the beautiful scenery .",  i went on a trip to the city . the buildings were very old . the streets were filled with many different types of foods . we saw some of the shops in the city . there was a lot of fresh produce .,  i went to visit the church today . the streets were covered in snow . the market was full of fresh fruits and vegetables . there was also a lot of interesting things to see . this is a picture of a store .,  we went to the city last week . we had a great time there . there were a lot of people there . the building was very old . i had a great time there .,  we went to the city to see what was going on . we saw a lot of interesting things on the way to the museum . there was a lot of graffiti on the wall . we saw a lot of old buildings . i had a great time .,  i went on a hike last week . we saw a lot of old buildings . there was a llama in the area . this is a picture of a fence . the back of the house was a bit creepy .,"  i went on a hike last weekend . this is a picture of a building . there were a lot of animals there . this is a picture of a fence . and , it was time to go back home .","  the bride and groom pose for a picture . the girls were very happy to see each other . the bride and groom pose for a picture . after the ceremony , the bride and groom pose for a picture . we had a great time at the reception .",  the bride was excited for her wedding day . the kids were very happy to see each other . the bride and groom were so happy to be married . the whole family was there to celebrate . they danced the night away .,72157623388688073,72157623120685495,72157623182397155,72157624331727446,72157624126371626,1767427,1,0,1,0,1,0
http://nlp.cs.ucsb.edu/tmp/test/181357689.jpg,http://nlp.cs.ucsb.edu/tmp/test/182515536.jpg,http://nlp.cs.ucsb.edu/tmp/test/183284697.jpg,http://nlp.cs.ucsb.edu/tmp/test/182223644.jpg,http://nlp.cs.ucsb.edu/tmp/test/181631561.jpg,http://nlp.cs.ucsb.edu/tmp/test/6232157436.jpg,http://nlp.cs.ucsb.edu/tmp/test/6232157164.jpg,http://nlp.cs.ucsb.edu/tmp/test/6231655909.jpg,http://nlp.cs.ucsb.edu/tmp/test/6232174432.jpg,http://nlp.cs.ucsb.edu/tmp/test/6232184294.jpg,http://nlp.cs.ucsb.edu/tmp/test/5364782085.jpg,http://nlp.cs.ucsb.edu/tmp/test/5364791141.jpg,http://nlp.cs.ucsb.edu/tmp/test/5364801099.jpg,http://nlp.cs.ucsb.edu/tmp/test/5365704891.jpg,http://nlp.cs.ucsb.edu/tmp/test/5366326736.jpg,http://nlp.cs.ucsb.edu/tmp/test/2434266.jpg,http://nlp.cs.ucsb.edu/tmp/test/2434281.jpg,http://nlp.cs.ucsb.edu/tmp/test/2434308.jpg,http://nlp.cs.ucsb.edu/tmp/test/2434335.jpg,http://nlp.cs.ucsb.edu/tmp/test/2434368.jpg,http://nlp.cs.ucsb.edu/tmp/test/4606998870.jpg,http://nlp.cs.ucsb.edu/tmp/test/4613775860.jpg,http://nlp.cs.ucsb.edu/tmp/test/4621590112.jpg,http://nlp.cs.ucsb.edu/tmp/test/4604763963.jpg,http://nlp.cs.ucsb.edu/tmp/test/4595022297.jpg,http://nlp.cs.ucsb.edu/tmp/test/7155162371.jpg,http://nlp.cs.ucsb.edu/tmp/test/7155164541.jpg,http://nlp.cs.ucsb.edu/tmp/test/7340366362.jpg,http://nlp.cs.ucsb.edu/tmp/test/7340369856.jpg,http://nlp.cs.ucsb.edu/tmp/test/7340371720.jpg,  we went to the park to celebrate the 4th of july . there were a lot of people there . there were a lot of people there . there were a lot of people there . this is a picture of a bridge .,"  we went to the city for the fourth of july . it was a lot of fun . there was a lot of smoke in the sky . we had a lot of fun . after a long day of sightseeing , we decided to go back to the hotel to enjoy the scenery .",  i went to the party last week . we had a great time at the game . it was a lot of fun . we had a great time . it was a great day .,  today is the day of the big parade . we went to a baseball game . we had a great time at the game . we had a lot of fun watching the game . it was a beautiful day .,  there was a lot of people at the parade . the parade was a success and everyone was excited . they had a lot of people there . they were very proud of the cause . this guy had a great time .,  there was a lot of people at the parade . the parade was a success and everyone was excited . they even had a lot of people to talk to . the people in the parade were very happy to be there . this person was dressed up as the parade was the highlight of the day .,  i had a great time at the party yesterday . they had a lot of work to do . it 's time for the party . there was a lot of things to do . the cake was delicious .,  i went to the party last week . there were a lot of people there . the night was over . the man is getting ready to go . the cake was the best part of the day .,  i went to the store to buy some food . the streets were very colorful . this is a picture of a building . the kids were very excited to be there . the buildings were very old .,  we went to the local market to see what was going on . the streets were filled with many different things . this is a picture of a store . the kids had a great time at the festival . a lot of the buildings are very old .,  a group of people gathered for a picture . the speaker gave a speech to the audience . the speaker gave a speech to the audience . this is a picture of a man . everyone had a great time .,"  we had a lot of fun at the meeting . he was very proud of his accomplishments . the president of the class gave a speech to the audience . the president of the school was very proud of his accomplishments . at the end of the ceremony , the family was happy to be together .",72157594187865594,72157627864675956,72157625850715298,61237,72157623923244977,72157630056039634,0,0,0,0,0,0
http://nlp.cs.ucsb.edu/tmp/test/4254458181.jpg,http://nlp.cs.ucsb.edu/tmp/test/4254462995.jpg,http://nlp.cs.ucsb.edu/tmp/test/4255228894.jpg,http://nlp.cs.ucsb.edu/tmp/test/4254464363.jpg,http://nlp.cs.ucsb.edu/tmp/test/4254464905.jpg,http://nlp.cs.ucsb.edu/tmp/test/131521911.jpg,http://nlp.cs.ucsb.edu/tmp/test/131522503.jpg,http://nlp.cs.ucsb.edu/tmp/test/131524250.jpg,http://nlp.cs.ucsb.edu/tmp/test/131523611.jpg,http://nlp.cs.ucsb.edu/tmp/test/131523179.jpg,http://nlp.cs.ucsb.edu/tmp/test/363877065.jpg,http://nlp.cs.ucsb.edu/tmp/test/363877195.jpg,http://nlp.cs.ucsb.edu/tmp/test/363877304.jpg,http://nlp.cs.ucsb.edu/tmp/test/363877447.jpg,http://nlp.cs.ucsb.edu/tmp/test/363877704.jpg,http://nlp.cs.ucsb.edu/tmp/test/4952490752.jpg,http://nlp.cs.ucsb.edu/tmp/test/4951900321.jpg,http://nlp.cs.ucsb.edu/tmp/test/4951900811.jpg,http://nlp.cs.ucsb.edu/tmp/test/4952492716.jpg,http://nlp.cs.ucsb.edu/tmp/test/4952493476.jpg,http://nlp.cs.ucsb.edu/tmp/test/4417008139.jpg,http://nlp.cs.ucsb.edu/tmp/test/4417773518.jpg,http://nlp.cs.ucsb.edu/tmp/test/4417008533.jpg,http://nlp.cs.ucsb.edu/tmp/test/4417009011.jpg,http://nlp.cs.ucsb.edu/tmp/test/4417775234.jpg,http://nlp.cs.ucsb.edu/tmp/test/4335682616.jpg,http://nlp.cs.ucsb.edu/tmp/test/4334937829.jpg,http://nlp.cs.ucsb.edu/tmp/test/4335685096.jpg,http://nlp.cs.ucsb.edu/tmp/test/4334938719.jpg,http://nlp.cs.ucsb.edu/tmp/test/4335679242.jpg,"  there were a lot of people at the party last night . the food was delicious . the man was having a good time . we had a lot of fun at the party . after the party , everyone went to the beach to celebrate .",  we had a great time at the beach last night . the food was delicious . they had a lot of wine . we had a lot of fun dancing . we had a great time at the beach .,"  i went to the party last night . the music was great and we had a great time . we had a lot of fun dancing . [male] and [male] were having a great time . after the party , everyone had a great time and had a great time .","  my friends and i went to a party . the band played a lot of music . [female] and [male] were having a good time . [male] and [male] are the best friends in the world . after a few drinks , everyone was having a great time .",  i went to the graduation ceremony last week . the kids were excited to be at the event . my friend and i decided to take him to the conference . this guy was very happy to see him . we all had a great time there .,  i went to the school last weekend . the kids were very excited . my friend and i decided to go out for a long time . this is a picture of a man . we all had a great time .,  i went to the basketball game today . we got to see a lot of people there . one of the players had a lot of action . there were many people there . the players were very excited .,  today was the day of the game . there were a lot of people there . one of the players had a great time . there were a lot of people there . it was a great game .,"  today was the day . he was very happy to see him . the students were very excited . he was very proud of his speech . after the ceremony , they took a picture of the event .",  this is my friend [male] . he was so excited to see his friend [male] . everyone was very happy to see him . the speaker gave a speech . this is a picture of a man .,  this is a picture of a mountain . there was a lot of people there . we saw a lot of interesting things . we had a lot of fun . we saw a lot of animals in the park .,  the view from the top of the mountain was amazing . there were a lot of people there . we had a great time . we had a lot of fun catching up . we had a great time at the park .,72157623162647704,72057594111789928,72157594490707109,72157625207406112,72157623456487091,72157623366569792,1,0,1,1,1,1
http://nlp.cs.ucsb.edu/tmp/test/46773076.jpg,http://nlp.cs.ucsb.edu/tmp/test/46773254.jpg,http://nlp.cs.ucsb.edu/tmp/test/46773424.jpg,http://nlp.cs.ucsb.edu/tmp/test/46773570.jpg,http://nlp.cs.ucsb.edu/tmp/test/46773613.jpg,http://nlp.cs.ucsb.edu/tmp/test/4499515.jpg,http://nlp.cs.ucsb.edu/tmp/test/4499512.jpg,http://nlp.cs.ucsb.edu/tmp/test/4499627.jpg,http://nlp.cs.ucsb.edu/tmp/test/4551597.jpg,http://nlp.cs.ucsb.edu/tmp/test/4551603.jpg,http://nlp.cs.ucsb.edu/tmp/test/4594101811.jpg,http://nlp.cs.ucsb.edu/tmp/test/4594715218.jpg,http://nlp.cs.ucsb.edu/tmp/test/4605897606.jpg,http://nlp.cs.ucsb.edu/tmp/test/4594717632.jpg,http://nlp.cs.ucsb.edu/tmp/test/4605288437.jpg,http://nlp.cs.ucsb.edu/tmp/test/156823003.jpg,http://nlp.cs.ucsb.edu/tmp/test/156824174.jpg,http://nlp.cs.ucsb.edu/tmp/test/156824515.jpg,http://nlp.cs.ucsb.edu/tmp/test/156823121.jpg,http://nlp.cs.ucsb.edu/tmp/test/156822863.jpg,http://nlp.cs.ucsb.edu/tmp/test/5565618266.jpg,http://nlp.cs.ucsb.edu/tmp/test/5573141447.jpg,http://nlp.cs.ucsb.edu/tmp/test/5573733896.jpg,http://nlp.cs.ucsb.edu/tmp/test/5573746986.jpg,http://nlp.cs.ucsb.edu/tmp/test/5573203941.jpg,http://nlp.cs.ucsb.edu/tmp/test/4442496311.jpg,http://nlp.cs.ucsb.edu/tmp/test/4443285166.jpg,http://nlp.cs.ucsb.edu/tmp/test/4443907430.jpg,http://nlp.cs.ucsb.edu/tmp/test/4443536344.jpg,http://nlp.cs.ucsb.edu/tmp/test/4443535200.jpg,  it was a beautiful day for the wedding . the bride and groom were very happy to be in the car . there was a small house in the middle of the street . we met up with some friends and family to the reception . the bride and groom were very happy to be married .,  it was a beautiful day for the wedding . the bride and groom were very happy to be in the car . it was a beautiful day for the family . my friends and i had a great time . it was a beautiful day for the wedding .,  we had a great time at the party . i had a great time there . this is a picture of a man . the band played a lot of music . we had a great time .,"  we had a party last week . there were a lot of people there . it was a good time for everyone to see . we had a great time . after a long day of playing , [male] played his guitar and played a few songs .",  the man was giving a speech to the audience . it was a great time for everyone . they were very happy to be there . we had a great meal and had a great time . we had a great time and had a great time .,  it was a great day for the event . they had a lot of fun talking to each other . he was very happy to be there . we had a great time at the reception . they had a great time and had a great time .,  we had a great family reunion . the kids were excited to be there . the kids had a lot of fun . she had a great time . it was a great day and we had a great time .,  it was a great day for a family reunion . [male] was excited to get the food ready for the day . the kids had a great time playing with the kids . she was so happy to see him . it was a great day .,"  the baseball game was a lot of fun . the students were very excited to see each other . they had a lot of fun at the game . this is a picture of a man . after the game , the crowd cheered .","  the game started with a lot of people . the people in the crowd were waiting for the event to start . we had a lot of fun at the game . the coach was giving a speech to the crowd . after the game was over , everyone went out to watch the game .",  a group of people gathered for a special day at location . there were a lot of people there . it was a lot of fun . people from all over the city were excited to be there . there was also a sign that was held in the center of the street .,  we went to location for the day . there were a lot of people there . there were a lot of people there . there were a lot of people there . they had a lot of people there .,1044910,661616,72157624030292358,72157594150383025,72157626367932082,72157623519894743,1,0,1,1,0,1
http://nlp.cs.ucsb.edu/tmp/test/418920.jpg,http://nlp.cs.ucsb.edu/tmp/test/418909.jpg,http://nlp.cs.ucsb.edu/tmp/test/418914.jpg,http://nlp.cs.ucsb.edu/tmp/test/418921.jpg,http://nlp.cs.ucsb.edu/tmp/test/418924.jpg,http://nlp.cs.ucsb.edu/tmp/test/10484374.jpg,http://nlp.cs.ucsb.edu/tmp/test/10484390.jpg,http://nlp.cs.ucsb.edu/tmp/test/10484430.jpg,http://nlp.cs.ucsb.edu/tmp/test/10484438.jpg,http://nlp.cs.ucsb.edu/tmp/test/10484531.jpg,http://nlp.cs.ucsb.edu/tmp/test/4242859406.jpg,http://nlp.cs.ucsb.edu/tmp/test/4242093229.jpg,http://nlp.cs.ucsb.edu/tmp/test/4242131931.jpg,http://nlp.cs.ucsb.edu/tmp/test/4242911284.jpg,http://nlp.cs.ucsb.edu/tmp/test/4242930938.jpg,http://nlp.cs.ucsb.edu/tmp/test/2174424068.jpg,http://nlp.cs.ucsb.edu/tmp/test/2173637129.jpg,http://nlp.cs.ucsb.edu/tmp/test/2174426000.jpg,http://nlp.cs.ucsb.edu/tmp/test/2174426992.jpg,http://nlp.cs.ucsb.edu/tmp/test/2174429800.jpg,http://nlp.cs.ucsb.edu/tmp/test/118261131.jpg,http://nlp.cs.ucsb.edu/tmp/test/118263158.jpg,http://nlp.cs.ucsb.edu/tmp/test/118265697.jpg,http://nlp.cs.ucsb.edu/tmp/test/118268111.jpg,http://nlp.cs.ucsb.edu/tmp/test/118269774.jpg,http://nlp.cs.ucsb.edu/tmp/test/4302379940.jpg,http://nlp.cs.ucsb.edu/tmp/test/4304581523.jpg,http://nlp.cs.ucsb.edu/tmp/test/4304585317.jpg,http://nlp.cs.ucsb.edu/tmp/test/4305360676.jpg,http://nlp.cs.ucsb.edu/tmp/test/4304617031.jpg,  the crowd gathered to watch the band play . some of the performers were fun to watch . some of the people were playing music . the band played a lot of games and they had a great time . the crowd was very happy to see the crowd .,  it was a great day for a wedding . it was a lot of fun . there were many people there . a lot of people came out to watch the event . we had a great time .,"  i went to a party last week . some of the friends were happy to be there . the keyboard player is playing on the piano . the dj was the first to arrive . after the game was over , everyone got together for a group photo .","  we had a great time at the party . everyone had a great time . we played the piano for the band . i had a great time . after the game , we all got together for a group photo .","  i went on a tour of the city . there were a lot of old buildings in the area . the view from the front of the building was beautiful . this is a picture of a building . and , as we left the building , it looked like it was going to be a long time ago .","  this is a picture of a building . they had a lot of different things to see . the city was very tall . this is a picture of a building . and , the building was very tall .",  the halloween party was a lot of fun . this is a picture of a man . some of the costumes were very scary . this is a picture of a man . this is a picture of a man .,  the halloween party was a lot of fun . i had a great time at the party . this guy was wearing a mask . the man and woman are smiling for the camera . this man is dressed up as a pirate .,  we went on a hike in the woods . it was a long drive . we saw many different types of animals . there were a lot of livestock on the farm . the forest was a great place to visit .,"  we went on a hike in the woods . this is a picture of a tree . i saw a lot of wildlife . this is a picture of a fence . after a long day , we decided to take a walk through the woods .",  i went to the game last weekend . it was a lot of fun . it was a great game . the players were ready to start the game . i had a great time .,  i went to the game last weekend . it was a lot of fun . the ball was really intense . the player was ready to play the game . i was able to win the game last week .,10332,258924,72157623132781720,72157603657119129,72057594091145852,72157623277682842,1,1,1,0,1,0
http://nlp.cs.ucsb.edu/tmp/test/9524831628.jpg,http://nlp.cs.ucsb.edu/tmp/test/9522210997.jpg,http://nlp.cs.ucsb.edu/tmp/test/9522283655.jpg,http://nlp.cs.ucsb.edu/tmp/test/9525161014.jpg,http://nlp.cs.ucsb.edu/tmp/test/9525603920.jpg,http://nlp.cs.ucsb.edu/tmp/test/5825628321.jpg,http://nlp.cs.ucsb.edu/tmp/test/5826203924.jpg,http://nlp.cs.ucsb.edu/tmp/test/5826204720.jpg,http://nlp.cs.ucsb.edu/tmp/test/5825648267.jpg,http://nlp.cs.ucsb.edu/tmp/test/5825649497.jpg,http://nlp.cs.ucsb.edu/tmp/test/3682252099.jpg,http://nlp.cs.ucsb.edu/tmp/test/3683064482.jpg,http://nlp.cs.ucsb.edu/tmp/test/3683064834.jpg,http://nlp.cs.ucsb.edu/tmp/test/3682251797.jpg,http://nlp.cs.ucsb.edu/tmp/test/3682252201.jpg,http://nlp.cs.ucsb.edu/tmp/test/133705203.jpg,http://nlp.cs.ucsb.edu/tmp/test/133705423.jpg,http://nlp.cs.ucsb.edu/tmp/test/133705615.jpg,http://nlp.cs.ucsb.edu/tmp/test/133706013.jpg,http://nlp.cs.ucsb.edu/tmp/test/133706497.jpg,http://nlp.cs.ucsb.edu/tmp/test/2573144941.jpg,http://nlp.cs.ucsb.edu/tmp/test/2573171773.jpg,http://nlp.cs.ucsb.edu/tmp/test/2573994706.jpg,http://nlp.cs.ucsb.edu/tmp/test/2546750901.jpg,http://nlp.cs.ucsb.edu/tmp/test/2546751223.jpg,http://nlp.cs.ucsb.edu/tmp/test/39459416.jpg,http://nlp.cs.ucsb.edu/tmp/test/39459617.jpg,http://nlp.cs.ucsb.edu/tmp/test/40364150.jpg,http://nlp.cs.ucsb.edu/tmp/test/40741245.jpg,http://nlp.cs.ucsb.edu/tmp/test/40741268.jpg,  we went to the local museum and saw some of the people there . there were a lot of information about the signs . the students were very excited to see the show . there were a lot of people there . there was even a book store .,  we went to the museum today . there were a lot of people there . there were a lot of people there . this is a picture of a group . this is a picture of a building .,"  the game was very intense . the players were ready to play . the players were ready to play . the players were ready to play . this is [male] , he was the best of the team .",  the game was going to be a great game . the players were ready to play . the players were ready to play . the game was fierce . it was a great game .,  today was the day of the 4th of july celebration . we had a great time at the carnival . there were so many different kinds of rides . the ferris wheel was so much fun . the fireworks were amazing and we had a great time .,  the 4th of july was a great time for the kids . they had a lot of rides . then we went to the amusement park . the ferris wheel was a great way to end the day . the grand finale was the best part of the day .,  [male] was playing with his guitar . we had a great time at the party . everyone was having a great time . we had a lot of drinks . everyone had a great time .,  the man was playing his guitar . the band played a lot of music . [male] and [male] were having a great time . my friend and i had a lot of fun . everyone had a great time .,  the night of the party was a lot of fun . we all got together for a few drinks . [female] and [male] were having a good time . [male] and [male] were the best . my sister and i had a lot of fun .,  we had a party last night . we had a lot of fun at the party . we had a lot of fun . [male] 's friend [male] was there to get a picture of the camera . i had a great time at the party .,  it was a great day to go on a trip to location . we went to the carnival and saw the ferris wheel . this is a picture of a sign . it was a lot of fun . it was a beautiful day .,  i went on vacation last week . the ferris wheel was beautiful . this is a picture of a sign . it was a lot of fun . there was a lot of flowers in the park .,72157635093336633,72157626821743987,72157620874108902,72057594115071974,72157605576271182,868353,1,1,0,0,1,0
http://nlp.cs.ucsb.edu/tmp/test/981297813.jpg,http://nlp.cs.ucsb.edu/tmp/test/982197956.jpg,http://nlp.cs.ucsb.edu/tmp/test/982247622.jpg,http://nlp.cs.ucsb.edu/tmp/test/981423111.jpg,http://nlp.cs.ucsb.edu/tmp/test/982297772.jpg,http://nlp.cs.ucsb.edu/tmp/test/30350010.jpg,http://nlp.cs.ucsb.edu/tmp/test/30350277.jpg,http://nlp.cs.ucsb.edu/tmp/test/30350211.jpg,http://nlp.cs.ucsb.edu/tmp/test/30166266.jpg,http://nlp.cs.ucsb.edu/tmp/test/30350376.jpg,http://nlp.cs.ucsb.edu/tmp/test/6616045169.jpg,http://nlp.cs.ucsb.edu/tmp/test/6616044629.jpg,http://nlp.cs.ucsb.edu/tmp/test/6616053019.jpg,http://nlp.cs.ucsb.edu/tmp/test/6616049313.jpg,http://nlp.cs.ucsb.edu/tmp/test/6616054639.jpg,http://nlp.cs.ucsb.edu/tmp/test/4314045281.jpg,http://nlp.cs.ucsb.edu/tmp/test/4314047915.jpg,http://nlp.cs.ucsb.edu/tmp/test/4314771170.jpg,http://nlp.cs.ucsb.edu/tmp/test/4314052959.jpg,http://nlp.cs.ucsb.edu/tmp/test/4314754812.jpg,http://nlp.cs.ucsb.edu/tmp/test/3522481654.jpg,http://nlp.cs.ucsb.edu/tmp/test/3522483512.jpg,http://nlp.cs.ucsb.edu/tmp/test/3522488496.jpg,http://nlp.cs.ucsb.edu/tmp/test/3521679429.jpg,http://nlp.cs.ucsb.edu/tmp/test/3521671139.jpg,http://nlp.cs.ucsb.edu/tmp/test/711846309.jpg,http://nlp.cs.ucsb.edu/tmp/test/712721446.jpg,http://nlp.cs.ucsb.edu/tmp/test/712721964.jpg,http://nlp.cs.ucsb.edu/tmp/test/712733596.jpg,http://nlp.cs.ucsb.edu/tmp/test/711896545.jpg,  the class was about to begin the project . we had a lot of work to do . the kids had to get out of the house . the kids had a great time . we all had a great time and had a great time .,  the students were working hard to make sure everything was ready . the board was set up and ready to go . we had to clean up the house . the kids had a lot of fun . the kids all had a great time .,  there were a lot of people there . there were a lot of people there . this is a picture of a building . it was a great day for a group of people . we had a great time at the party .,"  there were a lot of people there . the band played a lot of games . there was a lot of people there . the crowd gathered in the living room to watch . after the game , we went to a bar to eat .","  the family went on a trip to location . there were a lot of people there . there were many interesting things to see . the rock formations were amazing . after a long day , we went to the beach .",  the family went to the beach . there were a lot of people there . there was graffiti on the walls . the man was very talented . the sun was setting and it was time to go home .,  it was a beautiful day for the race . there were a lot of people there . it was a lot of fun . it was a lot of fun . we had a great time .,  we went to a park to see the sights and sounds of the city . there were a lot of people there . it was a lot of fun . some of the trails were steep . we had a great time .,  it was a great day for the baseball game . the students were excited for the graduation ceremony . the students were very excited to be there . he was so proud of his diploma . this is a picture of a group .,  it was graduation day at the graduation ceremony . there were a lot of students there . the students were very excited to be at the event . he was very proud of his accomplishments . we had a great time at the event .,  we decided to take a trip to the mountains . it was a lot of fun . it was a great view of the mountains . the view from the top of the mountain was amazing . we had a great time and had a great time .,  we took a trip to the mountains . we had a lot of fun skiing on the mountain . it was a great view of the mountains . the view from the top of the mountain was beautiful . we had a great time .,72157601163302429,679261,72157628671377835,72157623184933535,72157617993794464,72157600637630564,0,0,0,0,0,0
http://nlp.cs.ucsb.edu/tmp/test/294257833.jpg,http://nlp.cs.ucsb.edu/tmp/test/294213302.jpg,http://nlp.cs.ucsb.edu/tmp/test/294215647.jpg,http://nlp.cs.ucsb.edu/tmp/test/294547782.jpg,http://nlp.cs.ucsb.edu/tmp/test/294181585.jpg,http://nlp.cs.ucsb.edu/tmp/test/5021737613.jpg,http://nlp.cs.ucsb.edu/tmp/test/5022344914.jpg,http://nlp.cs.ucsb.edu/tmp/test/5022346142.jpg,http://nlp.cs.ucsb.edu/tmp/test/5022346764.jpg,http://nlp.cs.ucsb.edu/tmp/test/5021744021.jpg,http://nlp.cs.ucsb.edu/tmp/test/2078943824.jpg,http://nlp.cs.ucsb.edu/tmp/test/2078153417.jpg,http://nlp.cs.ucsb.edu/tmp/test/2078155597.jpg,http://nlp.cs.ucsb.edu/tmp/test/2078947746.jpg,http://nlp.cs.ucsb.edu/tmp/test/2078948442.jpg,http://nlp.cs.ucsb.edu/tmp/test/4711369098.jpg,http://nlp.cs.ucsb.edu/tmp/test/4711373072.jpg,http://nlp.cs.ucsb.edu/tmp/test/4710736143.jpg,http://nlp.cs.ucsb.edu/tmp/test/4710750715.jpg,http://nlp.cs.ucsb.edu/tmp/test/4711394144.jpg,http://nlp.cs.ucsb.edu/tmp/test/141640351.jpg,http://nlp.cs.ucsb.edu/tmp/test/141640454.jpg,http://nlp.cs.ucsb.edu/tmp/test/141640509.jpg,http://nlp.cs.ucsb.edu/tmp/test/141640548.jpg,http://nlp.cs.ucsb.edu/tmp/test/141640600.jpg,http://nlp.cs.ucsb.edu/tmp/test/17721720.jpg,http://nlp.cs.ucsb.edu/tmp/test/17721693.jpg,http://nlp.cs.ucsb.edu/tmp/test/17721654.jpg,http://nlp.cs.ucsb.edu/tmp/test/17721752.jpg,http://nlp.cs.ucsb.edu/tmp/test/17721866.jpg,  [male] and [female] were having a great time at the party . everyone was having a great time . [female] and [male] are having a great time at the party . i love to play with my guitar . the party ended with a few more drinks .,  [male] and [female] were having a great time at the party . everyone was having a great time at the party . [female] and [female] were having a great time . we had a lot of fun playing . everyone was having a great time .,  [male] and [male] were getting ready for the big game . we had a lot of fun playing in the field . the players are getting ready to start . the players were very excited to win . and the team won the game .,  the players were ready for the game . it was a lot of fun . it was a great game . the game was very intense . the team won the game .,"  we went to location for vacation . first , we saw the art of the architecture . there was a lot of old buildings in the area . the architecture was amazing . i had a great time there .",  i went on a trip to location . the architecture of the art was amazing . the buildings were very old . this is a picture of a building . this is a picture of a man .,  today we went to the farm today . it was a lot of fun . we had to make sure everything was set up . i got to meet a lot of people . it was a great day .,  i went to the farm last weekend . we had to set up a lot of work to get to the house . we had to get the equipment ready to go . we got to work in a few blocks . they also had a lot of information on the sign .,  we went to the garden today . there were a lot of trees . we took a walk through the park . we had a great time there . this is a picture of a tree .,  the flowers were beautiful . they saw a beautiful building . the man is looking for a picture in front of a statue . we took a lot of pictures of them . this is a picture of a tree .,  this is a picture of a beach . we walked along the beach . we walked along the beach . it was a nice day to go to the beach . we had a great time at the park .,  the family went on a trip to the beach . we went to the beach to see the water . we went to the beach . it was also a nice place to eat . we had a great time .,72157594370002393,72157624903751507,72157603348987515,72157624300611300,72057594127440513,420260,1,1,1,0,0,0
http://nlp.cs.ucsb.edu/tmp/test/15610160074.jpg,http://nlp.cs.ucsb.edu/tmp/test/15612714863.jpg,http://nlp.cs.ucsb.edu/tmp/test/15610170814.jpg,http://nlp.cs.ucsb.edu/tmp/test/15610154464.jpg,http://nlp.cs.ucsb.edu/tmp/test/16206659906.jpg,http://nlp.cs.ucsb.edu/tmp/test/4793227788.jpg,http://nlp.cs.ucsb.edu/tmp/test/4793228066.jpg,http://nlp.cs.ucsb.edu/tmp/test/4793228542.jpg,http://nlp.cs.ucsb.edu/tmp/test/4793229520.jpg,http://nlp.cs.ucsb.edu/tmp/test/4793233244.jpg,http://nlp.cs.ucsb.edu/tmp/test/1014612226.jpg,http://nlp.cs.ucsb.edu/tmp/test/1013680303.jpg,http://nlp.cs.ucsb.edu/tmp/test/1014599294.jpg,http://nlp.cs.ucsb.edu/tmp/test/1014518682.jpg,http://nlp.cs.ucsb.edu/tmp/test/1013700321.jpg,http://nlp.cs.ucsb.edu/tmp/test/4916748.jpg,http://nlp.cs.ucsb.edu/tmp/test/4917865.jpg,http://nlp.cs.ucsb.edu/tmp/test/4917864.jpg,http://nlp.cs.ucsb.edu/tmp/test/4917868.jpg,http://nlp.cs.ucsb.edu/tmp/test/4917870.jpg,http://nlp.cs.ucsb.edu/tmp/test/7363625612.jpg,http://nlp.cs.ucsb.edu/tmp/test/7363625130.jpg,http://nlp.cs.ucsb.edu/tmp/test/7363624778.jpg,http://nlp.cs.ucsb.edu/tmp/test/7363624240.jpg,http://nlp.cs.ucsb.edu/tmp/test/7178397477.jpg,http://nlp.cs.ucsb.edu/tmp/test/1796791735.jpg,http://nlp.cs.ucsb.edu/tmp/test/1797638724.jpg,http://nlp.cs.ucsb.edu/tmp/test/1796802911.jpg,http://nlp.cs.ucsb.edu/tmp/test/1796812039.jpg,http://nlp.cs.ucsb.edu/tmp/test/1797654248.jpg,  the students gathered for the ceremony . the speaker gave a speech to the audience . the speaker gave a speech to the audience . they were all very proud . the crowd was very happy and everyone had a great time .,"  a group of people gathered for a special event . the first speaker spoke of the audience . he was very proud of his accomplishments . they were all very proud . after the performance , the band played a lot of songs .",  today was the day . we had a lot of food to eat . they had a lot of work to do . the kids were very excited to be there . the kids are having a great time at the park .,  the family went to the park . they had a lot of food to eat . the kids had a lot of fun . the kids were all excited for the event . we all had a great time and had a great time .,  i went on a hike last week . there were a lot of trees in the woods . there were a lot of wildlife there . they were very pretty . i saw a lot of wildlife .,  i went on a hike last weekend . it was a beautiful day . there were a lot of wildlife there . i saw a lot of interesting plants . there were a lot of flowers .,  i had a great time at the beach last weekend . this is a picture of a tree . the weather was very cold . it was a beautiful day . the roads were empty and the weather was very cold .,"  this is a picture of a wall . this is a picture of a street . we walked around the city to see what was going on . the buildings were very tall . after a long day , it was time to go home .",  there were a lot of people there . there were a lot of people there . the speaker was very talented . it was a great day for a group photo . some of the speakers were very proud .,  this is a picture of a band . there was a lot of people at the event . the president of the organization was the first to speak . they all posed for a picture . there was also a speech to the audience .,  the girl was having a great time at the party . this is a picture of a woman . we had a great time at the party . we played a lot of games . it was a great time for everyone .,  the family was excited for the halloween party . this is a picture of a man . the baby is having a good time at the party . we had a lot of fun . this is a picture of a man .,72157649780970810,72157624492137536,72157601226364674,123763,72157630107880142,72157602780268689,0,0,1,0,0,1
http://nlp.cs.ucsb.edu/tmp/test/17445851.jpg,http://nlp.cs.ucsb.edu/tmp/test/17439347.jpg,http://nlp.cs.ucsb.edu/tmp/test/17439348.jpg,http://nlp.cs.ucsb.edu/tmp/test/17461184.jpg,http://nlp.cs.ucsb.edu/tmp/test/17465343.jpg,http://nlp.cs.ucsb.edu/tmp/test/20403077.jpg,http://nlp.cs.ucsb.edu/tmp/test/20403190.jpg,http://nlp.cs.ucsb.edu/tmp/test/20403474.jpg,http://nlp.cs.ucsb.edu/tmp/test/20403542.jpg,http://nlp.cs.ucsb.edu/tmp/test/20403520.jpg,http://nlp.cs.ucsb.edu/tmp/test/3549332283.jpg,http://nlp.cs.ucsb.edu/tmp/test/3550160812.jpg,http://nlp.cs.ucsb.edu/tmp/test/3550171580.jpg,http://nlp.cs.ucsb.edu/tmp/test/3549368069.jpg,http://nlp.cs.ucsb.edu/tmp/test/3549370593.jpg,http://nlp.cs.ucsb.edu/tmp/test/16219421.jpg,http://nlp.cs.ucsb.edu/tmp/test/16219275.jpg,http://nlp.cs.ucsb.edu/tmp/test/16216826.jpg,http://nlp.cs.ucsb.edu/tmp/test/16217114.jpg,http://nlp.cs.ucsb.edu/tmp/test/16218274.jpg,http://nlp.cs.ucsb.edu/tmp/test/2118096031.jpg,http://nlp.cs.ucsb.edu/tmp/test/2118095305.jpg,http://nlp.cs.ucsb.edu/tmp/test/2118873632.jpg,http://nlp.cs.ucsb.edu/tmp/test/2118095921.jpg,http://nlp.cs.ucsb.edu/tmp/test/2118092861.jpg,http://nlp.cs.ucsb.edu/tmp/test/4363559410.jpg,http://nlp.cs.ucsb.edu/tmp/test/4362821043.jpg,http://nlp.cs.ucsb.edu/tmp/test/4363561824.jpg,http://nlp.cs.ucsb.edu/tmp/test/4363560336.jpg,http://nlp.cs.ucsb.edu/tmp/test/4363564808.jpg,  we went to the market today . the food was delicious . it was a lot of fun . the food was delicious . i had a great time at the party .,"  we went to the market today . i had a lot of good food . we had to stop and take a bite to eat . i also made a lot of food . after the meal , it was time to have a few drinks .",  we took a trip to the city . we went to the memorial center . it was a beautiful sight to behold . a man is standing in the front of the street . and the water was so beautiful .,  i went on a trip to location . we went to the capital building . there were many flags in the sky . the man and his wife took a picture in front of the building . the view from the top of the bridge was beautiful .,  it was graduation day at the graduation ceremony . the graduates were ready to receive their diplomas . the family was so happy to be graduating . she posed for a picture with her classmates . we had a great time at the graduation ceremony .,  today was the day of the graduation ceremony . the graduates were so excited to graduate . the family was very happy to see each other . my family was so proud of him . the family was very happy to be there .,  we had a great time at the event . they were all dressed up for the event . the band played music for the crowd . the marching band was very good . the stage was set up for the event to begin .,  there were a lot of people there . there were a lot of people there . there were many people there . there were a lot of people there . it was a great night .,  this is a picture of a statue . this is a picture of a flag . there were many monuments there . the statue of the memorial was very beautiful . this is a picture of a monument .,  we were so excited to see the sights of the country . i walked to the cemetery to pay my respects . there were a lot of interesting statues . the statue of the statue is a symbol of the day . this is a picture of a monument .,  [male] was excited to be at the conference . we had a lot of food and drinks . they had a lot of people there . the speaker was very happy to see him . we all had a great time and had a great time .,  [male] was very excited to be at the meeting . we had a lot of fun . the students were very excited . the speaker was very proud of the presentation . a group of students pose for a picture .,414318,476406,72157618548780362,389187,72157603481848222,72157623449162982,0,1,1,1,0,0
http://nlp.cs.ucsb.edu/tmp/test/60461831.jpg,http://nlp.cs.ucsb.edu/tmp/test/60461920.jpg,http://nlp.cs.ucsb.edu/tmp/test/60462302.jpg,http://nlp.cs.ucsb.edu/tmp/test/60462630.jpg,http://nlp.cs.ucsb.edu/tmp/test/60462951.jpg,http://nlp.cs.ucsb.edu/tmp/test/8139399.jpg,http://nlp.cs.ucsb.edu/tmp/test/8139398.jpg,http://nlp.cs.ucsb.edu/tmp/test/8138852.jpg,http://nlp.cs.ucsb.edu/tmp/test/8139989.jpg,http://nlp.cs.ucsb.edu/tmp/test/8140629.jpg,http://nlp.cs.ucsb.edu/tmp/test/424268036.jpg,http://nlp.cs.ucsb.edu/tmp/test/424268274.jpg,http://nlp.cs.ucsb.edu/tmp/test/424268441.jpg,http://nlp.cs.ucsb.edu/tmp/test/424575422.jpg,http://nlp.cs.ucsb.edu/tmp/test/424577043.jpg,http://nlp.cs.ucsb.edu/tmp/test/5135814666.jpg,http://nlp.cs.ucsb.edu/tmp/test/5135217407.jpg,http://nlp.cs.ucsb.edu/tmp/test/5135220675.jpg,http://nlp.cs.ucsb.edu/tmp/test/5135222265.jpg,http://nlp.cs.ucsb.edu/tmp/test/5135223231.jpg,http://nlp.cs.ucsb.edu/tmp/test/4389436257.jpg,http://nlp.cs.ucsb.edu/tmp/test/4390204096.jpg,http://nlp.cs.ucsb.edu/tmp/test/4390204132.jpg,http://nlp.cs.ucsb.edu/tmp/test/4389436285.jpg,http://nlp.cs.ucsb.edu/tmp/test/4389436249.jpg,http://nlp.cs.ucsb.edu/tmp/test/68385517.jpg,http://nlp.cs.ucsb.edu/tmp/test/68385075.jpg,http://nlp.cs.ucsb.edu/tmp/test/68385390.jpg,http://nlp.cs.ucsb.edu/tmp/test/68389765.jpg,http://nlp.cs.ucsb.edu/tmp/test/68385026.jpg,  the runners were ready for the race . there were many people in the race . the race was in the race . the runners were off to the finish line . the race was a success and everyone was happy to be there .,  the runners are getting ready for the marathon . there were many people in the race . the race was about to start . the runners were off to the finish line . as the race began and the runners were off to the finish line .,  the buildings were very old . the water was very calm . some of the buildings were very old . the city was very nice . i had a great time at the market .,  this is a picture of a hotel . the water was beautiful and we had to take a picture . the streets were empty . we walked around the city to see the sights . the people in the city were looking for food .,  we went to the convention center . there were a lot of people there . this is a picture of a building . the speaker was very informative . the presentation was a success and everyone had a great time .,  we went to the convention center . they had a lot of space to see . this is a picture of a building . the speaker was very knowledgeable with the information . the end of the presentation was very well done .,  it was time for the halloween party . we found a tree in the middle of the yard . a man is standing in front of a building . the tree was decorated for the party . this is a picture of a man .,  it 's halloween time . they had a lot of fun . the family is having a great time at the party . the christmas tree was decorated for the party . this is a picture of a man .,  the man is getting ready for his speech . the man is giving a speech to the audience . he was very excited to be there . the speaker was very informative . it was a good time and i 'm glad i was able to get a picture with my friend .,  the man was having a great time at the meeting . the man is giving a speech . he was very happy to see him . the speaker gave a speech to the audience . there were a lot of people there .,  the table was set for the party . the little girl is dressed as a bunny . the family is having a great time . the baby is having a great time at the party . we had a great time and had a great time .,  the table was set up for the party . the little girl is having a great time . everyone was having a great time at the party . the baby was so happy to see him . we had a great time at the party .,1306323,202700,72157600005042432,72157625287632264,72157623513338444,1475214,0,0,0,1,1,1
http://nlp.cs.ucsb.edu/tmp/test/20387243.jpg,http://nlp.cs.ucsb.edu/tmp/test/20389936.jpg,http://nlp.cs.ucsb.edu/tmp/test/20386343.jpg,http://nlp.cs.ucsb.edu/tmp/test/20384883.jpg,http://nlp.cs.ucsb.edu/tmp/test/20385743.jpg,http://nlp.cs.ucsb.edu/tmp/test/4701478893.jpg,http://nlp.cs.ucsb.edu/tmp/test/4702120204.jpg,http://nlp.cs.ucsb.edu/tmp/test/4701486299.jpg,http://nlp.cs.ucsb.edu/tmp/test/4702127404.jpg,http://nlp.cs.ucsb.edu/tmp/test/4701495469.jpg,http://nlp.cs.ucsb.edu/tmp/test/4259351756.jpg,http://nlp.cs.ucsb.edu/tmp/test/4259351320.jpg,http://nlp.cs.ucsb.edu/tmp/test/4258596473.jpg,http://nlp.cs.ucsb.edu/tmp/test/4258596007.jpg,http://nlp.cs.ucsb.edu/tmp/test/4259351484.jpg,http://nlp.cs.ucsb.edu/tmp/test/2534955.jpg,http://nlp.cs.ucsb.edu/tmp/test/2537937.jpg,http://nlp.cs.ucsb.edu/tmp/test/2378786.jpg,http://nlp.cs.ucsb.edu/tmp/test/2537929.jpg,http://nlp.cs.ucsb.edu/tmp/test/2378669.jpg,http://nlp.cs.ucsb.edu/tmp/test/4426043960.jpg,http://nlp.cs.ucsb.edu/tmp/test/4426044670.jpg,http://nlp.cs.ucsb.edu/tmp/test/4467965708.jpg,http://nlp.cs.ucsb.edu/tmp/test/4467193341.jpg,http://nlp.cs.ucsb.edu/tmp/test/4467193103.jpg,http://nlp.cs.ucsb.edu/tmp/test/3694350550.jpg,http://nlp.cs.ucsb.edu/tmp/test/3691598980.jpg,http://nlp.cs.ucsb.edu/tmp/test/3694351198.jpg,http://nlp.cs.ucsb.edu/tmp/test/3690803821.jpg,http://nlp.cs.ucsb.edu/tmp/test/3694352398.jpg,  we went on a trip to the lake . the lake was beautiful . the water was clear and the water was calm . the fire was ready for the fire . the night ended with a bonfire to end the night .,  this is a picture of a lake . the water was very calm . the water was clear and the water was calm . we had a bonfire to get a fire . we had a great time .,  the president of the university gave a speech . there were a lot of people there . they were all very happy to be there . the guest speaker gave a speech . the students were very happy to be there .,"  today was the first day of school . there were a lot of people there . there were a lot of people there . they were very happy to see each other . after the ceremony , the speakers were given to the audience .",  the day was clear and a lot of people came to the site . there were a lot of people there . the soldiers were very happy to be there . they were all very happy to be there . a group of men standing in front of the flag .,  we had a great time at the beach . it was a lot of fun . the soldiers were very happy to see them . they were very happy to see each other . i had a great time there .,  i went to the park yesterday . we took a walk through the woods . the bridge was very tall . we had a great time there . we had a great time .,  i went on vacation last week . we walked around the town to see the sights . the bridge was in the middle of the road . we saw a lot of cool things . we had a great time .,  this is the house we stayed in . this is a picture of a fence . we stopped by the market to grab some food . we walked around the city to see what was going on . i had a great time there .,  this is a picture of a building . this is a picture of a building . there was a lot of food at the market . we saw a lot of old buildings . we had a great time there .,  it was time for the 4th of july . the fireworks were beautiful . the little girl was very happy to see him . there were a lot of people there . we had a great time at the party .,  we had a great time at the fireworks show . the fireworks were beautiful . the little girl was happy to see her . there were a lot of fireworks in the sky . we had a great time .,476170,72157624153192795,72157623047955989,63571,72157623714894246,72157620996064968,1,1,1,0,1,0
http://nlp.cs.ucsb.edu/tmp/test/5951997906.jpg,http://nlp.cs.ucsb.edu/tmp/test/5951322289.jpg,http://nlp.cs.ucsb.edu/tmp/test/5951922674.jpg,http://nlp.cs.ucsb.edu/tmp/test/5951335133.jpg,http://nlp.cs.ucsb.edu/tmp/test/5951378169.jpg,http://nlp.cs.ucsb.edu/tmp/test/4242363169.jpg,http://nlp.cs.ucsb.edu/tmp/test/4243136776.jpg,http://nlp.cs.ucsb.edu/tmp/test/4242364459.jpg,http://nlp.cs.ucsb.edu/tmp/test/4243138084.jpg,http://nlp.cs.ucsb.edu/tmp/test/4243138496.jpg,http://nlp.cs.ucsb.edu/tmp/test/259449864.jpg,http://nlp.cs.ucsb.edu/tmp/test/259451095.jpg,http://nlp.cs.ucsb.edu/tmp/test/259444689.jpg,http://nlp.cs.ucsb.edu/tmp/test/259443675.jpg,http://nlp.cs.ucsb.edu/tmp/test/259445143.jpg,http://nlp.cs.ucsb.edu/tmp/test/258131821.jpg,http://nlp.cs.ucsb.edu/tmp/test/258132113.jpg,http://nlp.cs.ucsb.edu/tmp/test/258515149.jpg,http://nlp.cs.ucsb.edu/tmp/test/258515357.jpg,http://nlp.cs.ucsb.edu/tmp/test/259700308.jpg,http://nlp.cs.ucsb.edu/tmp/test/6614565335.jpg,http://nlp.cs.ucsb.edu/tmp/test/6614960247.jpg,http://nlp.cs.ucsb.edu/tmp/test/6615019561.jpg,http://nlp.cs.ucsb.edu/tmp/test/6615229499.jpg,http://nlp.cs.ucsb.edu/tmp/test/6615330255.jpg,http://nlp.cs.ucsb.edu/tmp/test/1794864740.jpg,http://nlp.cs.ucsb.edu/tmp/test/1794023381.jpg,http://nlp.cs.ucsb.edu/tmp/test/1794025049.jpg,http://nlp.cs.ucsb.edu/tmp/test/1794867790.jpg,http://nlp.cs.ucsb.edu/tmp/test/1794868540.jpg,  i went to the city yesterday . there were a lot of people there . the cars were very old . there were a lot of people there . it was a great day for the kids .,  it was a beautiful day for a parade . they had a lot of cool things to see . then we went to a car show . there was a lot of vehicles to see . there was also a variety of vehicles in the area .,  i went to the concert last weekend . the crowd was very talented . the drummer was very good . the band played a lot of songs . the drummer was very good .,  we went to see the band . the best part of the performance was the drummer . then the band played the guitar . the band played a lot of songs . it was a great night .,  we went to a park in the country to see the sights . he saw a koala . the dog was excited to see the animals . we went to the museum and saw a lot of cool things . the pond was a great place to sit and relax .,  we went on a trip to the park . this is a picture of a man . the dog was very happy to see him . they went to the museum to see the sights . this is a picture of a lake .,  we had a lot of fun at the market today . we had a lot of food . the dessert was the best part of the day . we went to the park to watch the sun set . we had a great time on the fun day .,  the family was ready for the day . we had a lot of food . the food was delicious . it was a beautiful day for the park . we had a great time .,  my family and i went to the park today . the little girl was very happy to see him . we had a great time at the park . there was a lot of people there . the kids had a great time at the party .,  my family and i went to the park today . there was a lot of cool things . we took a lot of pictures . then we went to a restaurant to eat . the kids were very excited to be there .,  the halloween party was a lot of fun . some of the costumes were very scary . there were a lot of people there . the pumpkins were very scary . there were a lot of people there .,  the halloween party was a lot of fun . everyone was dressed up in a costume . there were a lot of people there . the jack o lanterns were a little scary . there was even a costume party for the kids .,72157627225981046,72157623133202486,72157594310500030,72157594308439717,72157628667758209,72157602770687293,0,0,1,1,0,0
http://nlp.cs.ucsb.edu/tmp/test/5663823448.jpg,http://nlp.cs.ucsb.edu/tmp/test/5663822756.jpg,http://nlp.cs.ucsb.edu/tmp/test/5663822666.jpg,http://nlp.cs.ucsb.edu/tmp/test/5663254473.jpg,http://nlp.cs.ucsb.edu/tmp/test/5663822874.jpg,http://nlp.cs.ucsb.edu/tmp/test/5626785329.jpg,http://nlp.cs.ucsb.edu/tmp/test/5626792975.jpg,http://nlp.cs.ucsb.edu/tmp/test/5627386094.jpg,http://nlp.cs.ucsb.edu/tmp/test/5627393482.jpg,http://nlp.cs.ucsb.edu/tmp/test/5626887729.jpg,http://nlp.cs.ucsb.edu/tmp/test/562768785.jpg,http://nlp.cs.ucsb.edu/tmp/test/562786159.jpg,http://nlp.cs.ucsb.edu/tmp/test/562427734.jpg,http://nlp.cs.ucsb.edu/tmp/test/562467436.jpg,http://nlp.cs.ucsb.edu/tmp/test/562520294.jpg,http://nlp.cs.ucsb.edu/tmp/test/28495271.jpg,http://nlp.cs.ucsb.edu/tmp/test/28495093.jpg,http://nlp.cs.ucsb.edu/tmp/test/28495102.jpg,http://nlp.cs.ucsb.edu/tmp/test/28495189.jpg,http://nlp.cs.ucsb.edu/tmp/test/28495155.jpg,http://nlp.cs.ucsb.edu/tmp/test/3118013790.jpg,http://nlp.cs.ucsb.edu/tmp/test/3118014734.jpg,http://nlp.cs.ucsb.edu/tmp/test/3117187677.jpg,http://nlp.cs.ucsb.edu/tmp/test/3117188091.jpg,http://nlp.cs.ucsb.edu/tmp/test/3118016150.jpg,http://nlp.cs.ucsb.edu/tmp/test/130615952.jpg,http://nlp.cs.ucsb.edu/tmp/test/130615916.jpg,http://nlp.cs.ucsb.edu/tmp/test/130615943.jpg,http://nlp.cs.ucsb.edu/tmp/test/130615975.jpg,http://nlp.cs.ucsb.edu/tmp/test/130616009.jpg,  this is a picture of a man . it was a lot of fun . they were all very happy to be there . it was a lot of fun . the soldiers were very happy to be there .,  a group of people gathered for a picnic . the soldiers were ready to go . they were very happy to be there . it was a lot of fun . they were very happy to be there .,  this is a picture of a boat . some of the boats were in the water . it was a nice day for a walk . the kids were able to take a break from the local farm to see what was going on . the kids had a great time .,  this is a picture of a lake . the water was very calm and a lot of fun . a group of friends decided to take a walk on the river . the man is looking at a map . after that we had a great time and had a great time .,  we had a great time at the zoo . we went to the zoo to see the animals . the polar bear was the best part of the day . there was also a lot of interesting things to see . this is a picture of a fire .,  we went to the zoo today . we got to see the animals . this is a picture of a snake . there was a lot of interesting things to see . this is a picture of a snake .,  the whole family was there . there were a lot of people there . we had a great time at the party . we had a lot of fun . we had a great time together .,  the group of students posed for a picture . there were a lot of people there . everyone was having a great time at the party . everyone was having a great time . we all had a great time and had a great time .,  it was the first time of the year . the crowd gathered in the auditorium . the graduates were ready for the ceremony . the dean of the school gave a speech to the audience . it was a great time .,  it was a beautiful day for the ceremony . the crowd gathered in the auditorium . there were a lot of people there . the students were very proud of their accomplishments . it was a great time .,"  [male] was excited for his first day of school . he was very happy to see him . the whole family is having a great time . the kids are having a great time at the party . after the party , everyone gathered around to celebrate the birthday girl .","  [male] was so excited to be at the party . he was so excited to see the kids . the kids were all ready to play . the kids were all excited to be there . at the end of the day , the students were excited for the event to begin .",72157626596756884,72157626390694245,72157600385894248,770686,72157611387513908,72057594110155809,1,1,1,1,1,0
http://nlp.cs.ucsb.edu/tmp/test/5088133887.jpg,http://nlp.cs.ucsb.edu/tmp/test/5088706570.jpg,http://nlp.cs.ucsb.edu/tmp/test/5088121045.jpg,http://nlp.cs.ucsb.edu/tmp/test/5088122887.jpg,http://nlp.cs.ucsb.edu/tmp/test/5088734170.jpg,http://nlp.cs.ucsb.edu/tmp/test/5636107960.jpg,http://nlp.cs.ucsb.edu/tmp/test/5636108104.jpg,http://nlp.cs.ucsb.edu/tmp/test/5635527975.jpg,http://nlp.cs.ucsb.edu/tmp/test/5636108478.jpg,http://nlp.cs.ucsb.edu/tmp/test/5636108774.jpg,http://nlp.cs.ucsb.edu/tmp/test/4946708975.jpg,http://nlp.cs.ucsb.edu/tmp/test/4946710757.jpg,http://nlp.cs.ucsb.edu/tmp/test/4947302306.jpg,http://nlp.cs.ucsb.edu/tmp/test/4947302486.jpg,http://nlp.cs.ucsb.edu/tmp/test/4946713243.jpg,http://nlp.cs.ucsb.edu/tmp/test/97030876.jpg,http://nlp.cs.ucsb.edu/tmp/test/97031222.jpg,http://nlp.cs.ucsb.edu/tmp/test/97030507.jpg,http://nlp.cs.ucsb.edu/tmp/test/97030771.jpg,http://nlp.cs.ucsb.edu/tmp/test/97030985.jpg,http://nlp.cs.ucsb.edu/tmp/test/6829247327.jpg,http://nlp.cs.ucsb.edu/tmp/test/6829222321.jpg,http://nlp.cs.ucsb.edu/tmp/test/6829236287.jpg,http://nlp.cs.ucsb.edu/tmp/test/6829229171.jpg,http://nlp.cs.ucsb.edu/tmp/test/6829215945.jpg,http://nlp.cs.ucsb.edu/tmp/test/2810472020.jpg,http://nlp.cs.ucsb.edu/tmp/test/2810471878.jpg,http://nlp.cs.ucsb.edu/tmp/test/2810474054.jpg,http://nlp.cs.ucsb.edu/tmp/test/2810473438.jpg,http://nlp.cs.ucsb.edu/tmp/test/2809627489.jpg,  the family went to a halloween party . my friends and family came out to celebrate . [male] and [male] are all dressed up for the party . and the baby was so happy to see each other . [male] and his friends were there to celebrate with them .,"  my family and i went to a halloween party . the kids are having a good time . my daughter was so happy to see him . and the baby was so happy to be in the tree . at the end of the day , the kids all had a great time .",  i went to the store for a few hours . the kids were getting ready to make a speech . they had a lot of work to do . we had a lot of fun . it was a great day .,"  i went to the store to get some food . the kids were getting ready to play . they had to make sure everything was set up . we all had a great time . after the presentation , we had a lot of fun .",  it was a great day for the football game . this is a picture of a game . it was a great game . the players were very competitive . it was a great game .,  the basketball game was very exciting . some of the players were very good . the players were very fast . the players were really excited to be there . and the team won the game .,  i went to the museum today . there were a lot of people there . the man is taking a picture with his wife . we had a lot of fun playing in the field . the view from the top of the mountain was amazing .,  we went to the museum to see the planes . the man was very excited to be there . the man is taking a picture with his camera . and the man was very happy to be there . the view from the top was amazing .,  there were many people at the market today . there were so many different kinds of vendors there . the pumpkins were ready for the parade . the market was so fresh and fresh . it was a lot of fun .,  the market was full of people . there were a lot of people there . this is a picture of a farmer . the market was very nice . it was a lot of fun .,"  the family decided to go on a trip to the lake . [male] and [male] and [male] took a boat ride on the lake . we had a great time on the lake . the water was calm and peaceful . after a long day of skiing , we decided to go out for a few beers .","  this is a picture of a lake . [male] and [male] decided to take a boat ride on the lake . we had a great time on the water . the water was very calm and the water was very calm . after a long day , we decided to take a break .",72157625179918732,72157626534937894,72157625207407464,72057594061082572,72157629210282443,72157607016527320,1,0,0,0,1,1
http://nlp.cs.ucsb.edu/tmp/test/4390274340.jpg,http://nlp.cs.ucsb.edu/tmp/test/4389506277.jpg,http://nlp.cs.ucsb.edu/tmp/test/4389506231.jpg,http://nlp.cs.ucsb.edu/tmp/test/4389506207.jpg,http://nlp.cs.ucsb.edu/tmp/test/4389506193.jpg,http://nlp.cs.ucsb.edu/tmp/test/535226859.jpg,http://nlp.cs.ucsb.edu/tmp/test/535218539.jpg,http://nlp.cs.ucsb.edu/tmp/test/535115262.jpg,http://nlp.cs.ucsb.edu/tmp/test/535108100.jpg,http://nlp.cs.ucsb.edu/tmp/test/535232919.jpg,http://nlp.cs.ucsb.edu/tmp/test/3646995419.jpg,http://nlp.cs.ucsb.edu/tmp/test/3646998081.jpg,http://nlp.cs.ucsb.edu/tmp/test/3647000819.jpg,http://nlp.cs.ucsb.edu/tmp/test/3647819264.jpg,http://nlp.cs.ucsb.edu/tmp/test/3647840902.jpg,http://nlp.cs.ucsb.edu/tmp/test/4755825187.jpg,http://nlp.cs.ucsb.edu/tmp/test/4755825385.jpg,http://nlp.cs.ucsb.edu/tmp/test/4755825437.jpg,http://nlp.cs.ucsb.edu/tmp/test/4756463922.jpg,http://nlp.cs.ucsb.edu/tmp/test/4756464226.jpg,http://nlp.cs.ucsb.edu/tmp/test/6719052043.jpg,http://nlp.cs.ucsb.edu/tmp/test/6719053253.jpg,http://nlp.cs.ucsb.edu/tmp/test/6719054099.jpg,http://nlp.cs.ucsb.edu/tmp/test/6719055003.jpg,http://nlp.cs.ucsb.edu/tmp/test/6719054447.jpg,http://nlp.cs.ucsb.edu/tmp/test/766263320.jpg,http://nlp.cs.ucsb.edu/tmp/test/765359781.jpg,http://nlp.cs.ucsb.edu/tmp/test/766292776.jpg,http://nlp.cs.ucsb.edu/tmp/test/766228474.jpg,http://nlp.cs.ucsb.edu/tmp/test/765387567.jpg,"  we had a great time at the conference . they had a lot of fun talking to each other . the audience was very happy . they had a lot of questions . after a long day , we all had a great time .","  there was a lot of people at the meeting . we had a lot of people to talk to . we all got together for a group photo . they were all happy to be there . after a long day of work , everyone was ready to go home .",  we went to a local park . there was a lot of old buildings in the area . the architecture was amazing . they also saw a lot of beautiful trees . we took a lot of pictures of the park .,  we decided to take a tour of the city today . there was a lot of old buildings there . the architecture was amazing . the trees were very beautiful . we took a lot of pictures of the beautiful scenery .,  it was the day of the parade . there were a lot of people there . there were a lot of people there . there were a lot of people there . this car was the best part of the event .,  the parade was a lot of fun . many of the people were dressed up in their costumes . there were many people there . there was even a marching band . there were a lot of people there .,"  i had a birthday party today . the cake was very interesting . there was a cake for the baby shower . the baby was very happy to be there . at the end of the day , the kids had a great time .",  i had a great time at the party . they had a cake for the party . the cake was amazing . the baby was very happy to see him . i had a great time .,  i had a great time at the party yesterday . we had a great time at the party . my friends and i had a great time at the party . [male] and [male] are having a good time at the party . we had a great time and had a great time .,  i had a great time at the party last week . we took a lot of pictures . [female] and [male] were so happy to be there . she was very happy to see him . we had a great time .,  we took a trip to location . the architecture was amazing . there was a lot of interesting things to see . this is a picture of a tree . this is a picture of a building .,  we took a trip to location . the architecture was amazing . this is a picture of a tree . the trees were very tall and had a lot of history . this is a picture of a house .,72157623513528524,72157600325422018,72157620102507052,72157624409430634,72157628922775473,72157600738834989,0,0,0,1,0,0
http://nlp.cs.ucsb.edu/tmp/test/4634730580.jpg,http://nlp.cs.ucsb.edu/tmp/test/4634738318.jpg,http://nlp.cs.ucsb.edu/tmp/test/4634744278.jpg,http://nlp.cs.ucsb.edu/tmp/test/4634150669.jpg,http://nlp.cs.ucsb.edu/tmp/test/4634153005.jpg,http://nlp.cs.ucsb.edu/tmp/test/9042865770.jpg,http://nlp.cs.ucsb.edu/tmp/test/9040637067.jpg,http://nlp.cs.ucsb.edu/tmp/test/9042864672.jpg,http://nlp.cs.ucsb.edu/tmp/test/9042859820.jpg,http://nlp.cs.ucsb.edu/tmp/test/9042863518.jpg,http://nlp.cs.ucsb.edu/tmp/test/15117799432.jpg,http://nlp.cs.ucsb.edu/tmp/test/15117799462.jpg,http://nlp.cs.ucsb.edu/tmp/test/14931606048.jpg,http://nlp.cs.ucsb.edu/tmp/test/15095180576.jpg,http://nlp.cs.ucsb.edu/tmp/test/14931606288.jpg,http://nlp.cs.ucsb.edu/tmp/test/3653084102.jpg,http://nlp.cs.ucsb.edu/tmp/test/3653088450.jpg,http://nlp.cs.ucsb.edu/tmp/test/3652294045.jpg,http://nlp.cs.ucsb.edu/tmp/test/3652326153.jpg,http://nlp.cs.ucsb.edu/tmp/test/3653126646.jpg,http://nlp.cs.ucsb.edu/tmp/test/114015831.jpg,http://nlp.cs.ucsb.edu/tmp/test/114016147.jpg,http://nlp.cs.ucsb.edu/tmp/test/114016014.jpg,http://nlp.cs.ucsb.edu/tmp/test/114015936.jpg,http://nlp.cs.ucsb.edu/tmp/test/114016072.jpg,http://nlp.cs.ucsb.edu/tmp/test/4605310320.jpg,http://nlp.cs.ucsb.edu/tmp/test/4604695737.jpg,http://nlp.cs.ucsb.edu/tmp/test/4605311050.jpg,http://nlp.cs.ucsb.edu/tmp/test/4604697291.jpg,http://nlp.cs.ucsb.edu/tmp/test/4605313062.jpg,  i went to the local convention last week . some of the performers were very talented . there were a lot of people there . there were a lot of people there . it was a great time .,"  we went to a local bar for halloween . i had a great time there . he had a lot of fun singing . this is a picture of a woman . and , the winner of the contest was the winner .",  we went to a local restaurant . we stopped by a local restaurant to eat at a local restaurant . there was also a sign explaining the signs . we had a great time there . we had a great time there .,  i went to the local museum . this is a picture of a sign . it was a lot of fun . we had a great time there . i had a great time there .,  the dog was excited to see the bear . the streets were filled with people . the performers were very good . many of the buildings were very old . they also had a lot of prizes to win .,  i went to the beach last weekend . there were a lot of people there . there were a lot of people there . there were a lot of interesting things to see . we had a lot of fun .,  i woke up early in the morning and decided to take a nap . we had a great time at the beach . we went to the restaurant to get a bite to eat . they were so excited to be in the sky . [male] and [male] are having a great time at the party .,"  i had a great time at the party last week . i was so excited to see the car out of the car . i had a great time there . they were getting ready to go on the plane . finally , we all got together and had a good time .",  i went to the concert last week . we had a lot of fun at the party . there was a lot of people there . this man was very happy to be at the party . the crowd was full of people and everyone was there to watch the show .,  the crowd gathered for the concert . we had a great time at the party . there were a lot of people there . this is a picture of a man . it was a great night and everyone had a great time .,  the cake was decorated and ready for the party . the wedding was so beautiful . the bride and groom were so happy to be married . the wedding cake was beautiful . the bride and groom were so happy to be together .,  the cake was set up and ready for the party . the bride and groom were so happy to be married . the bride and groom were so happy to be married . this is a picture of a cake . the bride and groom pose for a picture .,72157623999649361,72157634119717615,72157646733993369,72157620318549638,72057594084559688,72157623931497939,0,1,1,0,1,1
http://nlp.cs.ucsb.edu/tmp/test/10840947816.jpg,http://nlp.cs.ucsb.edu/tmp/test/10841280853.jpg,http://nlp.cs.ucsb.edu/tmp/test/10841471763.jpg,http://nlp.cs.ucsb.edu/tmp/test/10841249735.jpg,http://nlp.cs.ucsb.edu/tmp/test/10841729963.jpg,http://nlp.cs.ucsb.edu/tmp/test/55122358.jpg,http://nlp.cs.ucsb.edu/tmp/test/55122667.jpg,http://nlp.cs.ucsb.edu/tmp/test/55122370.jpg,http://nlp.cs.ucsb.edu/tmp/test/55122610.jpg,http://nlp.cs.ucsb.edu/tmp/test/55122639.jpg,http://nlp.cs.ucsb.edu/tmp/test/4326096875.jpg,http://nlp.cs.ucsb.edu/tmp/test/4326097133.jpg,http://nlp.cs.ucsb.edu/tmp/test/4326833754.jpg,http://nlp.cs.ucsb.edu/tmp/test/4326097901.jpg,http://nlp.cs.ucsb.edu/tmp/test/4326835286.jpg,http://nlp.cs.ucsb.edu/tmp/test/4286089190.jpg,http://nlp.cs.ucsb.edu/tmp/test/4286089558.jpg,http://nlp.cs.ucsb.edu/tmp/test/4285350041.jpg,http://nlp.cs.ucsb.edu/tmp/test/4285343655.jpg,http://nlp.cs.ucsb.edu/tmp/test/4285350837.jpg,http://nlp.cs.ucsb.edu/tmp/test/5964210041.jpg,http://nlp.cs.ucsb.edu/tmp/test/5964767700.jpg,http://nlp.cs.ucsb.edu/tmp/test/5964768114.jpg,http://nlp.cs.ucsb.edu/tmp/test/5964768424.jpg,http://nlp.cs.ucsb.edu/tmp/test/5964211573.jpg,http://nlp.cs.ucsb.edu/tmp/test/16326641792.jpg,http://nlp.cs.ucsb.edu/tmp/test/16327542235.jpg,http://nlp.cs.ucsb.edu/tmp/test/16140156360.jpg,http://nlp.cs.ucsb.edu/tmp/test/16140010998.jpg,http://nlp.cs.ucsb.edu/tmp/test/15705142164.jpg,  [male] and [female] were having a great time at the party . we had a lot of food and drinks . i 'm not sure what this is . i 'm not sure what it is . they had a lot of fun hanging out . everyone had a great time .,  [male] and [female] were having a great time at the party . the food was delicious . a lot of people showed up . there was also a lot of decorations . the girls were very happy to be there .,  we went to the city to see the fireworks . there were so many different colors . this is a picture of the sky . the grand finale was amazing . the finale was the best part of the show .,  i had a great time at the fireworks show last weekend . there were so many different kinds of fireworks . this is a picture of blue . some of the fireworks were very colorful . the finale was the best part of the show .,"  today we went to a conference . there were a lot of people there . there was a lot of people there . after the ceremony , the speakers were given to the podium . they were all happy to see each other .","  i went to the conference last week . there were a lot of people there . there was a lot of food there . after the meeting , the mayor gave a brief speech to the audience . the leaders of the community were there to discuss the importance of the company .","  the kids were very excited . the kids were very excited to be there . the kids were very excited to get to work . the kids were very happy to see each other . at the end of the day , we had a lot of food .","  the students were excited for the first day of school . the kids were very excited to see each other . some of the kids had a great time . the kids were happy to see each other . at the end of the day , we all had a great time .","  i went on a tour of the city today . we saw a lot of people there . this is a picture of a building . we took a tour of the city . after a long day , we went back to the hotel to see what was going on .","  i went on vacation last week . we saw a lot of interesting buildings . this is a picture of a building . we saw a lot of cool things on the way . at the end of the tour , we saw a man on a wire .",  i went to the parade yesterday . the people were walking down the street . there were a lot of people there . some of the people were very happy . it was a lot of fun .,  the police arrived to the crowd . the police were there to help us . there were a lot of people there . some of them were very happy to see . the police were there to make sure it was done .,72157637638220793,1194349,72157623213948893,72157623112779761,72157627256006852,72157650387632771,0,0,0,1,0,0
